area,date,stage,stage_pnl_eur
AT,2026-01-01,IDA1,40.07440576053762
AT,2026-01-01,IDA2,46.20121325966523
AT,2026-01-01,IDA3,28.182892677673607
AT,2026-01-01,TOTAL,114.45851169787646
AT,2026-01-02,IDA1,67.3638865265686
AT,2026-01-02,IDA2,63.90202081859874
AT,2026-01-02,IDA3,-12.543059865479435
AT,2026-01-02,TOTAL,118.72284747968793
AT,2026-01-03,IDA1,20.408570179476456
AT,2026-01-03,IDA2,25.650190673881806
AT,2026-01-03,IDA3,20.745624567067903
AT,2026-01-03,TOTAL,66.80438542042617
AT,2026-01-04,IDA1,16.40007306088
AT,2026-01-04,IDA2,16.457416363512067
AT,2026-01-04,IDA3,14.93403450169792
AT,2026-01-04,TOTAL,47.791523926089994
AT,2026-01-05,IDA1,42.875285439502676
AT,2026-01-05,IDA2,33.33671949186862
AT,2026-01-05,IDA3,-61.74962109052879
AT,2026-01-05,TOTAL,14.462383840842506
AT,2026-01-06,IDA1,15.937100913668786
AT,2026-01-06,IDA2,25.21286737472592
AT,2026-01-06,IDA3,-81.94952787203884
AT,2026-01-06,TOTAL,-40.79955958364414
AT,2026-01-07,IDA1,41.43600477120365
AT,2026-01-07,IDA2,63.587646141010026
AT,2026-01-07,IDA3,-31.197925984040893
AT,2026-01-07,TOTAL,73.82572492817278
AT,2026-01-08,IDA1,81.62390068208104
AT,2026-01-08,IDA2,176.43451664750995
AT,2026-01-08,IDA3,-102.59415497882897
AT,2026-01-08,TOTAL,155.46426235076206
AT,2026-01-09,IDA1,9.059590848066534
AT,2026-01-09,IDA2,-2.6231402636907006
AT,2026-01-09,IDA3,-41.28077821372017
AT,2026-01-09,TOTAL,-34.844327629344335
AT,2026-01-10,IDA1,-2.682958005862602
AT,2026-01-10,IDA2,5.850113730930495
AT,2026-01-10,IDA3,-25.534468493230058
AT,2026-01-10,TOTAL,-22.367312768162165
AT,2026-01-11,IDA1,10.443835843646504
AT,2026-01-11,IDA2,18.11933774158984
AT,2026-01-11,IDA3,8.49993731395086
AT,2026-01-11,TOTAL,37.0631108991872
AT,2026-01-12,IDA1,123.64313162651518
AT,2026-01-12,IDA2,181.55646189491557
AT,2026-01-12,IDA3,-69.40662869244784
AT,2026-01-12,TOTAL,235.79296482898292
AT,2026-01-13,IDA1,109.38355444126992
AT,2026-01-13,IDA2,152.5689380012649
AT,2026-01-13,IDA3,-39.20070679325763
AT,2026-01-13,TOTAL,222.7517856492772
AT,2026-01-14,IDA1,62.604216971396454
AT,2026-01-14,IDA2,47.44401259619339
AT,2026-01-14,IDA3,-4.781028086993089
AT,2026-01-14,TOTAL,105.26720148059675
AT,2026-01-15,IDA1,31.84052588488052
AT,2026-01-15,IDA2,44.9417546728576
AT,2026-01-15,IDA3,-21.142621760688804
AT,2026-01-15,TOTAL,55.639658797049314
AT,2026-01-16,IDA2,-37.61454406545116
AT,2026-01-16,IDA3,-33.12181700710647
AT,2026-01-16,TOTAL,-70.73636107255763
AT,2026-01-17,DA,12.44627266993885
AT,2026-01-17,IDA1,-1.7455891234936303
AT,2026-01-17,IDA2,20.000388132530933
AT,2026-01-17,IDA3,-21.120710588156474
AT,2026-01-17,TOTAL,9.580361090819679
AT,2026-01-18,DA,37.11945939381363
AT,2026-01-18,IDA1,40.487356756559734
AT,2026-01-18,IDA2,19.825418323303786
AT,2026-01-18,IDA3,12.364735676149891
AT,2026-01-18,TOTAL,109.79697014982703
AT,2026-01-19,DA,94.02652097473484
AT,2026-01-19,IDA1,58.632560368316284
AT,2026-01-19,IDA2,61.224551085410525
AT,2026-01-19,IDA3,18.322910361454632
AT,2026-01-19,TOTAL,232.20654278991628
AT,2026-01-20,DA,135.35243018947784
AT,2026-01-20,IDA1,125.23739835928873
AT,2026-01-20,IDA2,139.2914703515652
AT,2026-01-20,IDA3,-2.3665653383079217
AT,2026-01-20,TOTAL,397.5147335620239
AT,2026-01-21,DA,66.63816784982248
AT,2026-01-21,IDA1,59.42956000232542
AT,2026-01-21,IDA2,56.778891061565574
AT,2026-01-21,IDA3,24.04213886759638
AT,2026-01-21,TOTAL,206.88875778130986
AT,2026-01-22,DA,145.45682595437816
AT,2026-01-22,IDA1,140.1257702315262
AT,2026-01-22,IDA2,136.7694110021254
AT,2026-01-22,IDA3,56.190732408517576
AT,2026-01-22,TOTAL,478.5427395965473
AT,2026-01-23,DA,140.53058266918055
AT,2026-01-23,IDA1,84.06162155992506
AT,2026-01-23,IDA2,240.7063763838193
AT,2026-01-23,IDA3,49.971384604289014
AT,2026-01-23,TOTAL,515.2699652172139
AT,2026-01-24,DA,-2.751790171218481
AT,2026-01-24,IDA1,7.495695078106749
AT,2026-01-24,IDA2,-1.8146844883217454
AT,2026-01-24,IDA3,-32.6255265590988
AT,2026-01-24,TOTAL,-29.69630614053228
AT,2026-01-25,DA,13.554114098950464
AT,2026-01-25,IDA1,3.4739010836084105
AT,2026-01-25,IDA2,6.15380687153927
AT,2026-01-25,IDA3,-26.141053629204418
AT,2026-01-25,TOTAL,-2.9592315751062728
AT,2026-01-26,DA,41.31804516243575
AT,2026-01-26,IDA1,61.61029297451384
AT,2026-01-26,IDA2,45.16368954037284
AT,2026-01-26,IDA3,-51.585159026194205
AT,2026-01-26,TOTAL,96.50686865112824
AT,2026-01-27,DA,63.86430070621701
AT,2026-01-27,IDA1,41.04267298096967
AT,2026-01-27,IDA2,63.30686453589405
AT,2026-01-27,IDA3,10.794405234379084
AT,2026-01-27,TOTAL,179.0082434574598
AT,2026-01-28,DA,18.687224627087403
AT,2026-01-28,IDA1,32.047418289849844
AT,2026-01-28,IDA2,36.86749628012552
AT,2026-01-28,IDA3,-31.71273573698373
AT,2026-01-28,TOTAL,55.88940346007904
AT,2026-01-29,DA,30.749554608592973
AT,2026-01-29,IDA1,27.95504567748749
AT,2026-01-29,IDA2,27.120173880274415
AT,2026-01-29,IDA3,-55.518144284650525
AT,2026-01-29,TOTAL,30.306629881704346
AT,2026-01-30,DA,13.701799205729372
AT,2026-01-30,IDA1,7.570756977387731
AT,2026-01-30,IDA2,11.429384299132067
AT,2026-01-30,IDA3,-43.70245374255529
AT,2026-01-30,TOTAL,-11.000513260306121
AT,2026-01-31,DA,7.310366240229129
AT,2026-01-31,IDA1,23.01304448721631
AT,2026-01-31,IDA2,18.315608738658515
AT,2026-01-31,IDA3,-12.839309607953567
AT,2026-01-31,TOTAL,35.799709858150386
AT,2026-02-01,DA,16.203717626378005
AT,2026-02-01,IDA1,44.509895428278384
AT,2026-02-01,IDA2,24.356334967663386
AT,2026-02-01,IDA3,-0.05723783063129417
AT,2026-02-01,TOTAL,85.01271019168848
AT,2026-02-02,DA,35.650691245695754
AT,2026-02-02,IDA1,45.26665033435239
AT,2026-02-02,IDA2,35.604887626610264
AT,2026-02-02,IDA3,-34.00313903689519
AT,2026-02-02,TOTAL,82.51909016976322
AT,2026-02-03,DA,19.404715826780688
AT,2026-02-03,IDA1,24.366076378239256
AT,2026-02-03,IDA2,44.502770585422425
AT,2026-02-03,IDA3,-1.7953392218396438
AT,2026-02-03,TOTAL,86.47822356860273
AT,2026-02-04,DA,10.007962663541804
AT,2026-02-04,IDA1,14.850544852219286
AT,2026-02-04,IDA2,6.376674470350537
AT,2026-02-04,IDA3,-50.25339346542962
AT,2026-02-04,TOTAL,-19.01821147931799
AT,2026-02-05,DA,28.77528664803603
AT,2026-02-05,IDA1,23.030702107197285
AT,2026-02-05,IDA2,16.531737297317335
AT,2026-02-05,IDA3,-30.83811540175823
AT,2026-02-05,TOTAL,37.49961065079242
AT,2026-02-06,DA,13.151931606918112
AT,2026-02-06,IDA1,20.31105634229698
AT,2026-02-06,IDA2,14.911302476445371
AT,2026-02-06,IDA3,-13.454641248138728
AT,2026-02-06,TOTAL,34.919649177521734
AT,2026-02-07,DA,-6.281805662018115
AT,2026-02-07,IDA1,14.43294899158947
AT,2026-02-07,IDA2,14.554608513585386
AT,2026-02-07,IDA3,6.308047457834796
AT,2026-02-07,TOTAL,29.013799300991536
AT,2026-02-08,DA,-0.8152461767334289
AT,2026-02-08,IDA1,1.9394195511005385
AT,2026-02-08,IDA2,-4.306972944098295
AT,2026-02-08,IDA3,11.22009076391106
AT,2026-02-08,TOTAL,8.037291194179875
AT,2026-02-09,DA,38.41820768343122
AT,2026-02-09,IDA1,36.45761654538613
AT,2026-02-09,IDA2,32.06661897257176
AT,2026-02-09,IDA3,-2.5216725298355698
AT,2026-02-09,TOTAL,104.42077067155354
AT,2026-02-10,DA,11.663898534755106
AT,2026-02-10,IDA1,13.403482457136619
AT,2026-02-10,IDA2,3.828407362455067
AT,2026-02-10,IDA3,-10.609260566463476
AT,2026-02-10,TOTAL,18.286527787883315
AT,2026-02-11,DA,5.477158416868022
AT,2026-02-11,IDA1,12.208331125133448
AT,2026-02-11,IDA2,11.03689236844496
AT,2026-02-11,IDA3,-37.96567948896115
AT,2026-02-11,TOTAL,-9.24329757851472
AT,2026-02-12,DA,6.1289907505348395
AT,2026-02-12,IDA1,10.173414784929633
AT,2026-02-12,IDA2,-3.8538591644953897
AT,2026-02-12,IDA3,22.51207651915695
AT,2026-02-12,TOTAL,34.96062289012603
AT,2026-02-13,DA,44.37701590442157
AT,2026-02-13,IDA1,60.52847104307119
AT,2026-02-13,IDA2,43.925579584049835
AT,2026-02-13,IDA3,27.677694366362992
AT,2026-02-13,TOTAL,176.5087608979056
AT,2026-02-14,DA,10.491553910051884
AT,2026-02-14,IDA1,8.265078413055392
AT,2026-02-14,IDA2,14.51558996702397
AT,2026-02-14,IDA3,-5.717258691841778
AT,2026-02-14,TOTAL,27.55496359828947
AT,2026-02-15,DA,13.955400961940711
AT,2026-02-15,IDA1,6.491079030498057
AT,2026-02-15,IDA2,13.481454412715241
AT,2026-02-15,IDA3,33.18374915239801
AT,2026-02-15,TOTAL,67.11168355755201
AT,2026-02-16,DA,21.858854685246
AT,2026-02-16,IDA1,11.837634388346984
AT,2026-02-16,IDA2,-7.604668088098414
AT,2026-02-16,IDA3,-15.238034295874812
AT,2026-02-16,TOTAL,10.85378668961976
AT,2026-02-17,DA,19.852964529032413
AT,2026-02-17,IDA1,14.653974125238335
AT,2026-02-17,IDA2,25.27470438433413
AT,2026-02-17,IDA3,-37.24655451937805
AT,2026-02-17,TOTAL,22.535088519226825
AT,2026-02-18,DA,42.636573028427264
AT,2026-02-18,IDA1,30.042337498254483
AT,2026-02-18,IDA2,54.0695279004199
AT,2026-02-18,IDA3,13.863553305785203
AT,2026-02-18,TOTAL,140.61199173288685
AT,2026-02-19,DA,7.417766723642458
AT,2026-02-19,IDA1,1.764977901875028
AT,2026-02-19,IDA2,11.031264212301352
AT,2026-02-19,IDA3,-23.173774952135233
AT,2026-02-19,TOTAL,-2.9597661143163947
AT,2026-02-20,DA,-4.848038174929123
AT,2026-02-20,IDA1,-15.50000240892349
AT,2026-02-20,IDA2,28.717263054482892
AT,2026-02-20,IDA3,-6.9213220064670615
AT,2026-02-20,TOTAL,1.4479004641632187
AT,2026-02-21,DA,52.4923349169485
AT,2026-02-21,IDA1,63.85044757217354
AT,2026-02-21,IDA2,37.70029854062887
AT,2026-02-21,IDA3,7.1425246662282404
AT,2026-02-21,TOTAL,161.18560569597915
AT,2026-02-22,DA,50.76336689212691
AT,2026-02-22,IDA1,30.341226632507844
AT,2026-02-22,IDA2,16.997236447699585
AT,2026-02-22,IDA3,40.91980900874632
AT,2026-02-22,TOTAL,139.02163898108066
AT,2026-02-23,DA,115.0937629114693
AT,2026-02-23,IDA1,102.53114218693132
AT,2026-02-23,IDA2,110.89927177668147
AT,2026-02-23,IDA3,56.17738060763874
AT,2026-02-23,TOTAL,384.70155748272083
AT,2026-02-24,DA,61.55213635724311
AT,2026-02-24,IDA1,54.39907806122841
AT,2026-02-24,IDA2,48.18901835998831
AT,2026-02-24,IDA3,70.71620683274548
AT,2026-02-24,TOTAL,234.85643961120533
AT,2026-02-25,DA,29.11196019983181
AT,2026-02-25,IDA1,42.517018894290075
AT,2026-02-25,IDA2,65.69355320842703
AT,2026-02-25,IDA3,57.16454960010131
AT,2026-02-25,TOTAL,194.48708190265023
AT,2026-02-26,DA,74.52043645314615
AT,2026-02-26,IDA1,58.219195819219514
AT,2026-02-26,IDA2,38.380400236006366
AT,2026-02-26,IDA3,102.20752353370713
AT,2026-02-26,TOTAL,273.3275560420792
AT,2026-02-27,DA,114.94979812083938
AT,2026-02-27,IDA1,89.4923261318202
AT,2026-02-27,IDA2,64.3316551045682
AT,2026-02-27,IDA3,122.4297031493954
AT,2026-02-27,TOTAL,391.2034825066232
AT,2026-02-28,DA,61.87168839773279
AT,2026-02-28,IDA1,77.7444203246393
AT,2026-02-28,IDA2,75.83385136887458
AT,2026-02-28,IDA3,98.51595454043023
AT,2026-02-28,TOTAL,313.96591463167687
AT,2026-03-01,DA,71.45452653270672
AT,2026-03-01,IDA1,62.222841472571076
AT,2026-03-01,IDA2,62.07594138254182
AT,2026-03-01,IDA3,104.2921274362566
AT,2026-03-01,TOTAL,300.0454368240762
AT,2026-03-02,DA,128.92417502587796
AT,2026-03-02,IDA1,114.65236458352516
AT,2026-03-02,IDA2,95.24535354359378
AT,2026-03-02,IDA3,100.36055379949102
AT,2026-03-02,TOTAL,439.1824469524879
AT,2026-03-03,DA,118.31456257548822
AT,2026-03-03,IDA1,78.90461933041934
AT,2026-03-03,IDA2,56.53815591564583
AT,2026-03-03,IDA3,151.02816418461435
AT,2026-03-03,TOTAL,404.78550200616775
AT,2026-03-04,DA,193.92779412418903
AT,2026-03-04,IDA1,113.46344943050875
AT,2026-03-04,IDA2,117.54431390865277
AT,2026-03-04,IDA3,170.21520328118197
AT,2026-03-04,TOTAL,595.1507607445326
AT,2026-03-05,DA,70.75547603330064
AT,2026-03-05,IDA1,63.942453565113254
AT,2026-03-05,IDA2,80.3603903457502
AT,2026-03-05,IDA3,156.72996696831268
AT,2026-03-05,TOTAL,371.7882869124768
AT,2026-03-06,DA,129.71581905102698
AT,2026-03-06,IDA1,109.76174032062639
AT,2026-03-06,IDA2,103.79608166548252
AT,2026-03-06,IDA3,235.86928812310612
AT,2026-03-06,TOTAL,579.142929160242
AT,2026-03-07,DA,123.80605101236188
AT,2026-03-07,IDA1,134.37563858058132
AT,2026-03-07,IDA2,106.45860715697899
AT,2026-03-07,IDA3,181.6204363142042
AT,2026-03-07,TOTAL,546.2607330641264
AT,2026-03-08,DA,94.32509805657475
AT,2026-03-08,IDA1,92.64330937572501
AT,2026-03-08,IDA2,78.99850980499262
AT,2026-03-08,IDA3,147.69262848659795
AT,2026-03-08,VWAP,82.0297462587796
AT,2026-03-08,TOTAL,495.68929198266994
AT,2026-03-09,DA,141.6141006378807
AT,2026-03-09,IDA1,115.9332389853659
AT,2026-03-09,IDA2,93.98371321302196
AT,2026-03-09,IDA3,129.05111323099038
AT,2026-03-09,VWAP,98.90472130158489
AT,2026-03-09,TOTAL,579.4868873688439
AT,2026-03-10,DA,47.55977989263765
AT,2026-03-10,IDA1,45.17104602521615
AT,2026-03-10,IDA2,35.3655716840357
AT,2026-03-10,IDA3,116.06373102550583
AT,2026-03-10,VWAP,69.23210073721462
AT,2026-03-10,TOTAL,313.39222936460993
AT,2026-03-11,DA,96.27438198547087
AT,2026-03-11,IDA1,119.48678895454185
AT,2026-03-11,IDA2,108.75528385584741
AT,2026-03-11,IDA3,133.5257275621694
AT,2026-03-11,VWAP,42.52923740072282
AT,2026-03-11,TOTAL,500.57141975875237
AT,2026-03-12,DA,70.70855363525169
AT,2026-03-12,IDA1,51.686218901792515
AT,2026-03-12,IDA2,61.46518448017845
AT,2026-03-12,IDA3,69.79632506728828
AT,2026-03-12,VWAP,29.31087260421911
AT,2026-03-12,TOTAL,282.96715468873003
AT,2026-03-13,DA,124.4097157821131
AT,2026-03-13,IDA1,102.11205504146494
AT,2026-03-13,IDA2,117.74981358325792
AT,2026-03-13,IDA3,168.2333712192316
AT,2026-03-13,VWAP,96.38780067882378
AT,2026-03-13,TOTAL,608.8927563048912
AT,2026-03-14,DA,98.80543471031106
AT,2026-03-14,IDA1,100.94974312799343
AT,2026-03-14,IDA2,106.79005651258363
AT,2026-03-14,IDA3,139.53293921892936
AT,2026-03-14,VWAP,217.08343318243016
AT,2026-03-14,TOTAL,663.1616067522476
AT,2026-03-15,DA,10.79078038843938
AT,2026-03-15,IDA1,26.634608495323235
AT,2026-03-15,IDA2,31.096941404875594
AT,2026-03-15,IDA3,86.40063750087103
AT,2026-03-15,VWAP,407.5366451048592
AT,2026-03-15,TOTAL,562.4596128943684
AT,2026-03-16,DA,125.9418122530569
AT,2026-03-16,IDA1,119.07768728347382
AT,2026-03-16,IDA2,121.50328692172812
AT,2026-03-16,IDA3,78.6595635224241
AT,2026-03-16,VWAP,467.3384311202207
AT,2026-03-16,TOTAL,912.5207811009036
AT,2026-03-17,DA,54.418276733470336
AT,2026-03-17,IDA1,59.36856400909473
AT,2026-03-17,IDA2,11.607491603196284
AT,2026-03-17,IDA3,29.362857544315716
AT,2026-03-17,VWAP,53.174651388765355
AT,2026-03-17,TOTAL,207.9318412788424
AT,2026-03-18,DA,87.52382473572588
AT,2026-03-18,IDA1,91.05916583625883
AT,2026-03-18,IDA2,91.24687351870224
AT,2026-03-18,IDA3,114.79306932373123
AT,2026-03-18,VWAP,78.12980157306902
AT,2026-03-18,TOTAL,462.7527349874872
AT,2026-03-19,DA,86.23722359192446
AT,2026-03-19,IDA1,87.7801104733504
AT,2026-03-19,IDA2,66.08826883851572
AT,2026-03-19,IDA3,107.73811725910559
AT,2026-03-19,VWAP,132.6897560901776
AT,2026-03-19,TOTAL,480.5334762530738
AT,2026-03-20,DA,77.31395632077746
AT,2026-03-20,IDA1,33.54155475864171
AT,2026-03-20,IDA2,54.74718236222141
AT,2026-03-20,IDA3,103.77600322604842
AT,2026-03-20,VWAP,50.078506369049435
AT,2026-03-20,TOTAL,319.4572030367384
AT,2026-03-21,DA,39.74632434135394
AT,2026-03-21,IDA1,49.850269798654274
AT,2026-03-21,IDA2,51.17380434596757
AT,2026-03-21,IDA3,96.44822992346174
AT,2026-03-21,VWAP,34.601536428022335
AT,2026-03-21,TOTAL,271.82016483745986
BE,2026-01-01,IDA1,43.95855101951726
BE,2026-01-01,IDA2,59.254639824651164
BE,2026-01-01,IDA3,62.01407581654425
BE,2026-01-01,TOTAL,165.22726666071267
BE,2026-01-02,IDA1,57.636910802469856
BE,2026-01-02,IDA2,55.65092008031611
BE,2026-01-02,IDA3,3.5110945963220814
BE,2026-01-02,TOTAL,116.79892547910805
BE,2026-01-03,IDA1,5.451324185257889
BE,2026-01-03,IDA2,10.467375463328938
BE,2026-01-03,IDA3,7.299516428604399
BE,2026-01-03,TOTAL,23.218216077191226
BE,2026-01-04,IDA1,12.438630981772803
BE,2026-01-04,IDA2,13.233670335826208
BE,2026-01-04,IDA3,5.401149364094891
BE,2026-01-04,TOTAL,31.073450681693902
BE,2026-01-05,IDA1,35.478354207706445
BE,2026-01-05,IDA2,38.97696920596165
BE,2026-01-05,IDA3,-55.62357134642602
BE,2026-01-05,TOTAL,18.83175206724208
BE,2026-01-06,IDA1,14.699676879273994
BE,2026-01-06,IDA2,20.228939807029775
BE,2026-01-06,IDA3,-81.94952787203884
BE,2026-01-06,TOTAL,-47.02091118573507
BE,2026-01-07,IDA1,25.19189324442806
BE,2026-01-07,IDA2,43.545052753221256
BE,2026-01-07,IDA3,168.88670515284016
BE,2026-01-07,TOTAL,237.62365115048948
BE,2026-01-08,IDA1,96.53967244765573
BE,2026-01-08,IDA2,99.15970450797747
BE,2026-01-08,IDA3,-59.074799589982405
BE,2026-01-08,TOTAL,136.6245773656508
BE,2026-01-09,IDA1,23.170998112175575
BE,2026-01-09,IDA2,43.83919019634226
BE,2026-01-09,IDA3,-19.260262291036433
BE,2026-01-09,TOTAL,47.74992601748139
BE,2026-01-10,IDA1,28.564385592808748
BE,2026-01-10,IDA2,26.129979383112666
BE,2026-01-10,IDA3,39.629643770586604
BE,2026-01-10,TOTAL,94.32400874650801
BE,2026-01-11,IDA1,-3.424589010957064
BE,2026-01-11,IDA2,-6.5275922847167465
BE,2026-01-11,IDA3,-17.66472344594736
BE,2026-01-11,TOTAL,-27.61690474162117
BE,2026-01-12,IDA1,27.349146252558757
BE,2026-01-12,IDA2,24.423225545642165
BE,2026-01-12,IDA3,0.5455031673105033
BE,2026-01-12,TOTAL,52.31787496551142
BE,2026-01-13,IDA1,5.481615841785576
BE,2026-01-13,IDA2,32.49111170927702
BE,2026-01-13,IDA3,0.12417464779255027
BE,2026-01-13,TOTAL,38.09690219885515
BE,2026-01-14,IDA1,28.32062925312823
BE,2026-01-14,IDA2,34.22334401130543
BE,2026-01-14,IDA3,10.953896814253765
BE,2026-01-14,TOTAL,73.49787007868743
BE,2026-01-15,IDA1,-13.61485061764293
BE,2026-01-15,IDA2,-21.102923603498553
BE,2026-01-15,IDA3,-14.749514980807383
BE,2026-01-15,TOTAL,-49.467289201948866
BE,2026-01-16,IDA2,13.336354104300959
BE,2026-01-16,IDA3,14.86092325675769
BE,2026-01-16,TOTAL,28.19727736105865
BE,2026-01-17,DA,10.534967808879507
BE,2026-01-17,IDA1,4.28939242421934
BE,2026-01-17,IDA2,6.00510888364785
BE,2026-01-17,IDA3,14.283663768028859
BE,2026-01-17,TOTAL,35.11313288477555
BE,2026-01-18,DA,0.07127846618654132
BE,2026-01-18,IDA1,4.384140483690977
BE,2026-01-18,IDA2,11.690756863836612
BE,2026-01-18,IDA3,-0.6490982979344153
BE,2026-01-18,TOTAL,15.497077515779715
BE,2026-01-19,DA,48.75030771099802
BE,2026-01-19,IDA1,60.86512731360108
BE,2026-01-19,IDA2,44.232550045188134
BE,2026-01-19,IDA3,12.2978213413665
BE,2026-01-19,TOTAL,166.14580641115373
BE,2026-01-20,DA,94.27178648577237
BE,2026-01-20,IDA1,47.06985019686553
BE,2026-01-20,IDA2,47.629049848496116
BE,2026-01-20,IDA3,64.09849999999997
BE,2026-01-20,TOTAL,253.069186531134
BE,2026-01-21,DA,38.07943437677295
BE,2026-01-21,IDA1,26.649980339179592
BE,2026-01-21,IDA2,51.93587516726295
BE,2026-01-21,IDA3,37.01482363269394
BE,2026-01-21,TOTAL,153.68011351590943
BE,2026-01-22,DA,41.48898036250122
BE,2026-01-22,IDA1,56.44289093483849
BE,2026-01-22,IDA2,31.207932675521647
BE,2026-01-22,IDA3,25.548654719327352
BE,2026-01-22,TOTAL,154.6884586921887
BE,2026-01-23,DA,24.701615392627104
BE,2026-01-23,IDA1,28.178780631774686
BE,2026-01-23,IDA2,13.971201572895495
BE,2026-01-23,IDA3,3.7829082272912693
BE,2026-01-23,TOTAL,70.63450582458856
BE,2026-01-24,DA,17.76381030143513
BE,2026-01-24,IDA1,15.141555770483027
BE,2026-01-24,IDA2,22.794420239495935
BE,2026-01-24,IDA3,6.354682248696992
BE,2026-01-24,TOTAL,62.054468560111076
BE,2026-01-25,DA,7.47375397838816
BE,2026-01-25,IDA1,4.853207935897654
BE,2026-01-25,IDA2,5.094462804459475
BE,2026-01-25,IDA3,6.470488836371786
BE,2026-01-25,TOTAL,23.891913555117075
BE,2026-01-26,DA,40.24653151281723
BE,2026-01-26,IDA1,41.92152109640254
BE,2026-01-26,IDA2,32.10402910895324
BE,2026-01-26,IDA3,-60.52788061676985
BE,2026-01-26,TOTAL,53.74420110140316
BE,2026-01-27,DA,12.170408867014313
BE,2026-01-27,IDA1,27.798298353067917
BE,2026-01-27,IDA2,10.860684291629639
BE,2026-01-27,IDA3,-9.753272918333694
BE,2026-01-27,TOTAL,41.076118593378176
BE,2026-01-28,DA,29.269377421078197
BE,2026-01-28,IDA1,44.46544729539764
BE,2026-01-28,IDA2,40.07810395931166
BE,2026-01-28,IDA3,-6.441822662436479
BE,2026-01-28,TOTAL,107.37110601335101
BE,2026-01-29,DA,21.496490582223913
BE,2026-01-29,IDA1,19.02296278619731
BE,2026-01-29,IDA2,31.81665176388728
BE,2026-01-29,IDA3,-37.185852595670106
BE,2026-01-29,TOTAL,35.1502525366384
BE,2026-01-30,DA,-5.143295138126305
BE,2026-01-30,IDA1,3.043542771774483
BE,2026-01-30,IDA2,14.96889589162739
BE,2026-01-30,IDA3,1.3747078183016015
BE,2026-01-30,TOTAL,14.24385134357717
BE,2026-01-31,DA,11.725340735529954
BE,2026-01-31,IDA1,14.593994873912301
BE,2026-01-31,IDA2,34.77494403685641
BE,2026-01-31,IDA3,18.66799187997215
BE,2026-01-31,TOTAL,79.76227152627081
BE,2026-02-01,DA,17.767757437679677
BE,2026-02-01,IDA1,8.386621921911072
BE,2026-02-01,IDA2,8.518867319992847
BE,2026-02-01,IDA3,-12.831376145663725
BE,2026-02-01,TOTAL,21.841870533919874
BE,2026-02-02,DA,-5.585642728388535
BE,2026-02-02,IDA1,-1.6370097462547335
BE,2026-02-02,IDA2,-4.744435973630942
BE,2026-02-02,IDA3,-25.588925726515036
BE,2026-02-02,TOTAL,-37.55601417478925
BE,2026-02-03,DA,31.940869820173727
BE,2026-02-03,IDA1,28.902399771669536
BE,2026-02-03,IDA2,73.37804977853118
BE,2026-02-03,IDA3,36.46109692109008
BE,2026-02-03,TOTAL,170.6824162914645
BE,2026-02-04,DA,15.12764931745162
BE,2026-02-04,IDA1,22.799468596635485
BE,2026-02-04,IDA2,19.247844151235228
BE,2026-02-04,IDA3,-25.692898497242922
BE,2026-02-04,TOTAL,31.48206356807941
BE,2026-02-05,DA,11.478027070092239
BE,2026-02-05,IDA1,22.359838856836635
BE,2026-02-05,IDA2,31.460058633624413
BE,2026-02-05,IDA3,16.721596361450892
BE,2026-02-05,TOTAL,82.01952092200418
BE,2026-02-06,DA,15.9023502901521
BE,2026-02-06,IDA1,16.16548190864431
BE,2026-02-06,IDA2,22.872878676254818
BE,2026-02-06,IDA3,-9.427860467303127
BE,2026-02-06,TOTAL,45.5128504077481
BE,2026-02-07,DA,36.82157212406306
BE,2026-02-07,IDA1,37.68471614612824
BE,2026-02-07,IDA2,30.34969962423727
BE,2026-02-07,IDA3,25.429283513178227
BE,2026-02-07,TOTAL,130.2852714076068
BE,2026-02-08,DA,11.712500103405471
BE,2026-02-08,IDA1,35.51585079302907
BE,2026-02-08,IDA2,64.61444469891325
BE,2026-02-08,IDA3,19.35263866177324
BE,2026-02-08,TOTAL,131.195434257121
BE,2026-02-09,DA,24.593576856766674
BE,2026-02-09,IDA1,22.351446573534943
BE,2026-02-09,IDA2,31.727649149140685
BE,2026-02-09,IDA3,12.894708406348599
BE,2026-02-09,TOTAL,91.5673809857909
BE,2026-02-10,DA,2.563592815974772
BE,2026-02-10,IDA1,9.292227991089963
BE,2026-02-10,IDA2,35.469585759491025
BE,2026-02-10,IDA3,-5.365730024891562
BE,2026-02-10,TOTAL,41.959676541664194
BE,2026-02-11,DA,0.9882202593867788
BE,2026-02-11,IDA1,9.494797827897216
BE,2026-02-11,IDA2,2.7596308672471324
BE,2026-02-11,IDA3,-39.33564333870251
BE,2026-02-11,TOTAL,-26.092994384171384
BE,2026-02-12,DA,5.924204693562757
BE,2026-02-12,IDA1,40.317561571790165
BE,2026-02-12,IDA2,96.84863046264942
BE,2026-02-12,IDA3,123.47547325228561
BE,2026-02-12,TOTAL,266.56586998028797
BE,2026-02-13,DA,25.288143853754228
BE,2026-02-13,IDA1,33.31593706148446
BE,2026-02-13,IDA2,36.73017319592388
BE,2026-02-13,IDA3,11.20111409895047
BE,2026-02-13,TOTAL,106.53536821011305
BE,2026-02-14,DA,22.825482232063482
BE,2026-02-14,IDA1,34.15452858378259
BE,2026-02-14,IDA2,12.146332240380243
BE,2026-02-14,IDA3,31.814867927289868
BE,2026-02-14,TOTAL,100.94121098351619
BE,2026-02-15,DA,-1.2687929542759875
BE,2026-02-15,IDA1,20.369753018262955
BE,2026-02-15,IDA2,34.92838520957031
BE,2026-02-15,IDA3,70.23345442690581
BE,2026-02-15,TOTAL,124.26279970046309
BE,2026-02-16,DA,23.559340440491898
BE,2026-02-16,IDA1,28.04600799428851
BE,2026-02-16,IDA2,49.03438952862523
BE,2026-02-16,IDA3,13.95646610355658
BE,2026-02-16,TOTAL,114.59620406696223
BE,2026-02-17,DA,65.00149755554001
BE,2026-02-17,IDA1,67.28157571412663
BE,2026-02-17,IDA2,104.50733310617761
BE,2026-02-17,IDA3,38.03191895087875
BE,2026-02-17,TOTAL,274.822325326723
BE,2026-02-18,DA,31.78447538140283
BE,2026-02-18,IDA1,80.55945960568408
BE,2026-02-18,IDA2,91.05388685810428
BE,2026-02-18,IDA3,11.053938073325767
BE,2026-02-18,TOTAL,214.45175991851693
BE,2026-02-19,DA,15.460898928139173
BE,2026-02-19,IDA1,24.438363728888028
BE,2026-02-19,IDA2,83.13337477287766
BE,2026-02-19,IDA3,51.399451479608956
BE,2026-02-19,TOTAL,174.43208890951382
BE,2026-02-20,DA,1.9921201811051006
BE,2026-02-20,IDA1,12.804954716884374
BE,2026-02-20,IDA2,68.5055007786249
BE,2026-02-20,IDA3,51.283348865676686
BE,2026-02-20,TOTAL,134.58592454229108
BE,2026-02-21,DA,20.221705438747115
BE,2026-02-21,IDA1,36.93161813817247
BE,2026-02-21,IDA2,65.46328049184487
BE,2026-02-21,IDA3,27.995836157934587
BE,2026-02-21,TOTAL,150.61244022669902
BE,2026-02-22,DA,20.704221665600027
BE,2026-02-22,IDA1,28.39042502087198
BE,2026-02-22,IDA2,95.02847002111093
BE,2026-02-22,IDA3,62.22136934466333
BE,2026-02-22,TOTAL,206.34448605224628
BE,2026-02-23,DA,101.15053671997664
BE,2026-02-23,IDA1,105.46630171904619
BE,2026-02-23,IDA2,107.2708345853861
BE,2026-02-23,IDA3,77.49574160011252
BE,2026-02-23,TOTAL,391.3834146245215
BE,2026-02-24,DA,82.5756786089064
BE,2026-02-24,IDA1,57.872843477991516
BE,2026-02-24,IDA2,113.90308115654487
BE,2026-02-24,IDA3,26.023711043362184
BE,2026-02-24,TOTAL,280.375314286805
BE,2026-02-25,DA,55.073395288348564
BE,2026-02-25,IDA1,66.19157114060286
BE,2026-02-25,IDA2,-5.486105767052241
BE,2026-02-25,IDA3,37.4948061881766
BE,2026-02-25,TOTAL,153.27366685007578
BE,2026-02-26,DA,57.39702247929416
BE,2026-02-26,IDA1,60.438217805795745
BE,2026-02-26,IDA2,113.576289405676
BE,2026-02-26,IDA3,124.98831356400791
BE,2026-02-26,TOTAL,356.3998432547738
BE,2026-02-27,DA,74.79646787576065
BE,2026-02-27,IDA1,72.31015766859991
BE,2026-02-27,IDA2,93.67762665458798
BE,2026-02-27,IDA3,76.55529205595909
BE,2026-02-27,TOTAL,317.33954425490765
BE,2026-02-28,DA,60.079813413959144
BE,2026-02-28,IDA1,56.986309909038916
BE,2026-02-28,IDA2,45.67895544886605
BE,2026-02-28,IDA3,83.68313292734727
BE,2026-02-28,TOTAL,246.42821169921137
BE,2026-03-01,DA,47.894715893661854
BE,2026-03-01,IDA1,65.17203181797426
BE,2026-03-01,IDA2,78.09524335713817
BE,2026-03-01,IDA3,95.65028007513915
BE,2026-03-01,TOTAL,286.81227114391345
BE,2026-03-02,DA,134.83595764481097
BE,2026-03-02,IDA1,142.39391677603928
BE,2026-03-02,IDA2,145.54452625383487
BE,2026-03-02,IDA3,104.81658550295302
BE,2026-03-02,TOTAL,527.5909861776381
BE,2026-03-03,DA,122.3928879175767
BE,2026-03-03,IDA1,111.8709770521771
BE,2026-03-03,IDA2,130.0686220901552
BE,2026-03-03,IDA3,114.05840624918395
BE,2026-03-03,TOTAL,478.3908933090929
BE,2026-03-04,DA,126.59823761148516
BE,2026-03-04,IDA1,208.77657751051987
BE,2026-03-04,IDA2,77.5217798125538
BE,2026-03-04,IDA3,240.2507973817023
BE,2026-03-04,TOTAL,653.1473923162612
BE,2026-03-05,DA,90.23251664652216
BE,2026-03-05,IDA1,60.86643464441776
BE,2026-03-05,IDA2,116.94565771623101
BE,2026-03-05,IDA3,131.35953405451517
BE,2026-03-05,TOTAL,399.4041430616861
BE,2026-03-06,DA,85.02890178819675
BE,2026-03-06,IDA1,106.15960836551233
BE,2026-03-06,IDA2,146.91466421912287
BE,2026-03-06,IDA3,58.07739176010669
BE,2026-03-06,TOTAL,396.1805661329387
BE,2026-03-07,DA,72.93021507444095
BE,2026-03-07,IDA1,86.24458771518444
BE,2026-03-07,IDA2,41.165301947203105
BE,2026-03-07,IDA3,122.67232347956143
BE,2026-03-07,TOTAL,323.01242821638994
BE,2026-03-08,DA,87.6376516665291
BE,2026-03-08,IDA1,70.1736057406468
BE,2026-03-08,IDA2,32.92138658638788
BE,2026-03-08,IDA3,130.9697564734428
BE,2026-03-08,VWAP,37.390892509362665
BE,2026-03-08,TOTAL,359.09329297636924
BE,2026-03-09,DA,123.38913306110955
BE,2026-03-09,IDA1,126.34540686048578
BE,2026-03-09,IDA2,98.19876311828027
BE,2026-03-09,IDA3,104.85699394820213
BE,2026-03-09,VWAP,96.41428605993558
BE,2026-03-09,TOTAL,549.2045830480133
BE,2026-03-10,DA,37.28671265638637
BE,2026-03-10,IDA1,16.9139704053639
BE,2026-03-10,IDA2,-16.98933047323568
BE,2026-03-10,IDA3,-4.992370147664577
BE,2026-03-10,VWAP,-8.45285369981012
BE,2026-03-10,TOTAL,23.766128741039893
BE,2026-03-11,DA,55.9790458467863
BE,2026-03-11,IDA1,67.61849506246111
BE,2026-03-11,IDA2,134.51534301871413
BE,2026-03-11,IDA3,90.46111927365713
BE,2026-03-11,VWAP,141.98420433053548
BE,2026-03-11,TOTAL,490.55820753215414
BE,2026-03-12,DA,89.59678598392337
BE,2026-03-12,IDA1,80.5025727952109
BE,2026-03-12,IDA2,84.03820439038145
BE,2026-03-12,IDA3,91.67783052691408
BE,2026-03-12,VWAP,94.44356490938732
BE,2026-03-12,TOTAL,440.2589586058171
BE,2026-03-13,DA,100.17809505757518
BE,2026-03-13,IDA1,90.02198726585246
BE,2026-03-13,IDA2,120.00442364298642
BE,2026-03-13,IDA3,65.2535166171532
BE,2026-03-13,VWAP,144.9787421161521
BE,2026-03-13,TOTAL,520.4367646997193
BE,2026-03-14,DA,56.29834392714996
BE,2026-03-14,IDA1,53.60503654969
BE,2026-03-14,IDA2,46.43555629565371
BE,2026-03-14,IDA3,14.831625546456493
BE,2026-03-14,VWAP,44.46237388777681
BE,2026-03-14,TOTAL,215.63293620672695
BE,2026-03-15,DA,30.452189334549708
BE,2026-03-15,IDA1,41.02209846822099
BE,2026-03-15,IDA2,53.97830528788403
BE,2026-03-15,IDA3,122.42242338040109
BE,2026-03-15,VWAP,71.96009393319727
BE,2026-03-15,TOTAL,319.8351104042531
BE,2026-03-16,DA,144.18999549840348
BE,2026-03-16,IDA1,158.44783640933298
BE,2026-03-16,IDA2,165.3258400389646
BE,2026-03-16,IDA3,92.7085507021454
BE,2026-03-16,VWAP,176.63067026578113
BE,2026-03-16,TOTAL,737.3028929146276
BE,2026-03-17,DA,58.96006499354277
BE,2026-03-17,IDA1,69.02044210440452
BE,2026-03-17,IDA2,64.90795160226446
BE,2026-03-17,IDA3,3.3915711862582825
BE,2026-03-17,VWAP,51.194589443828974
BE,2026-03-17,TOTAL,247.474619330299
BE,2026-03-18,DA,83.4629013948127
BE,2026-03-18,IDA1,100.6970910284721
BE,2026-03-18,IDA2,94.8889636509534
BE,2026-03-18,IDA3,153.31262867415887
BE,2026-03-18,VWAP,111.11337240950276
BE,2026-03-18,TOTAL,543.4749571578998
BE,2026-03-19,DA,78.23667524996328
BE,2026-03-19,IDA1,90.56465840971262
BE,2026-03-19,IDA2,101.94881125540618
BE,2026-03-19,IDA3,136.93468681506536
BE,2026-03-19,VWAP,53.44706401822579
BE,2026-03-19,TOTAL,461.13189574837315
BE,2026-03-20,DA,82.17807121155562
BE,2026-03-20,IDA1,63.7046041711821
BE,2026-03-20,IDA2,61.50008357155572
BE,2026-03-20,IDA3,81.38376232953642
BE,2026-03-20,VWAP,68.84369247853856
BE,2026-03-20,TOTAL,357.6102137623684
BE,2026-03-21,DA,53.425529119072195
BE,2026-03-21,IDA1,53.7695718158223
BE,2026-03-21,IDA2,47.762617117200065
BE,2026-03-21,IDA3,81.63026249883522
BE,2026-03-21,VWAP,26.32850780771537
BE,2026-03-21,TOTAL,262.91648835864515
FR,2026-01-01,IDA1,44.416334808483555
FR,2026-01-01,IDA2,48.50449215674808
FR,2026-01-01,IDA3,37.369487189840235
FR,2026-01-01,TOTAL,130.29031415507188
FR,2026-01-02,IDA1,61.77746889673305
FR,2026-01-02,IDA2,56.2628646383117
FR,2026-01-02,IDA3,2.7202442929672657
FR,2026-01-02,TOTAL,120.760577828012
FR,2026-01-03,IDA1,4.268792734262291
FR,2026-01-03,IDA2,12.199621456546296
FR,2026-01-03,IDA3,3.5944783520213406
FR,2026-01-03,TOTAL,20.06289254282993
FR,2026-01-04,IDA1,19.0888854660816
FR,2026-01-04,IDA2,28.361470489519384
FR,2026-01-04,IDA3,10.28498023577411
FR,2026-01-04,TOTAL,57.7353361913751
FR,2026-01-05,IDA1,37.74357044206178
FR,2026-01-05,IDA2,38.97696920596165
FR,2026-01-05,IDA3,-7.145854816044746
FR,2026-01-05,TOTAL,69.57468483197869
FR,2026-01-06,IDA1,9.369023897722247
FR,2026-01-06,IDA2,20.228939807029775
FR,2026-01-06,IDA3,-91.37943985466094
FR,2026-01-06,TOTAL,-61.781476149908926
FR,2026-01-07,IDA1,15.422388985192399
FR,2026-01-07,IDA2,8.696704421846338
FR,2026-01-07,IDA3,3.0960550111081275
FR,2026-01-07,TOTAL,27.215148418146864
FR,2026-01-08,IDA1,-7.549858555169237
FR,2026-01-08,IDA2,45.67925120544957
FR,2026-01-08,IDA3,-26.054799589982412
FR,2026-01-08,TOTAL,12.074593060297918
FR,2026-01-09,IDA1,55.541022905130966
FR,2026-01-09,IDA2,51.65466709550708
FR,2026-01-09,IDA3,16.706445059844604
FR,2026-01-09,TOTAL,123.90213506048266
FR,2026-01-10,IDA1,20.437015885171558
FR,2026-01-10,IDA2,26.068793967105123
FR,2026-01-10,IDA3,39.534976750103894
FR,2026-01-10,TOTAL,86.04078660238058
FR,2026-01-11,IDA1,23.755878601230428
FR,2026-01-11,IDA2,47.61033338400809
FR,2026-01-11,IDA3,20.108331500255357
FR,2026-01-11,TOTAL,91.47454348549388
FR,2026-01-12,IDA1,34.79744168165148
FR,2026-01-12,IDA2,54.892567199726884
FR,2026-01-12,IDA3,9.953401805471099
FR,2026-01-12,TOTAL,99.64341068684946
FR,2026-01-13,IDA1,18.438152897396243
FR,2026-01-13,IDA2,24.877446695202607
FR,2026-01-13,IDA3,7.990324462033769
FR,2026-01-13,TOTAL,51.30592405463262
FR,2026-01-14,IDA1,13.122655521273913
FR,2026-01-14,IDA2,4.864961295828607
FR,2026-01-14,IDA3,-13.64710318574623
FR,2026-01-14,TOTAL,4.3405136313562895
FR,2026-01-15,IDA1,8.128372856685495
FR,2026-01-15,IDA2,-8.61705356331112
FR,2026-01-15,IDA3,-13.279188068266336
FR,2026-01-15,TOTAL,-13.767868774891962
FR,2026-01-16,IDA2,14.072555405480045
FR,2026-01-16,IDA3,11.668775636485748
FR,2026-01-16,TOTAL,25.741331041965793
FR,2026-01-17,DA,8.265442168322124
FR,2026-01-17,IDA1,4.139695265667726
FR,2026-01-17,IDA2,-0.8640355976947163
FR,2026-01-17,IDA3,9.936268462405934
FR,2026-01-17,TOTAL,21.477370298701068
FR,2026-01-18,DA,3.1660064572765183
FR,2026-01-18,IDA1,4.5614871513268245
FR,2026-01-18,IDA2,18.405456787183567
FR,2026-01-18,IDA3,18.83035183629518
FR,2026-01-18,TOTAL,44.963302232082086
FR,2026-01-19,DA,44.804862979632034
FR,2026-01-19,IDA1,47.440675483179675
FR,2026-01-19,IDA2,44.25906616863554
FR,2026-01-19,IDA3,24.11233306767754
FR,2026-01-19,TOTAL,160.61693769912478
FR,2026-01-20,DA,39.71272384031924
FR,2026-01-20,IDA1,47.561214403293114
FR,2026-01-20,IDA2,28.045218582444956
FR,2026-01-20,IDA3,25.46166335132315
FR,2026-01-20,TOTAL,140.78082017738046
FR,2026-01-21,DA,45.71503857436046
FR,2026-01-21,IDA1,52.78699008642218
FR,2026-01-21,IDA2,53.34525181477569
FR,2026-01-21,IDA3,35.621186157120256
FR,2026-01-21,TOTAL,187.4684666326786
FR,2026-01-22,DA,86.69316953688325
FR,2026-01-22,IDA1,83.24814535831347
FR,2026-01-22,IDA2,67.52310052941579
FR,2026-01-22,IDA3,-5.386342525008384
FR,2026-01-22,TOTAL,232.0780728996041
FR,2026-01-23,DA,22.6683049320121
FR,2026-01-23,IDA1,38.0431245579368
FR,2026-01-23,IDA2,43.36184906742819
FR,2026-01-23,IDA3,15.55120977300717
FR,2026-01-23,TOTAL,119.62448833038425
FR,2026-01-24,DA,23.596795429092715
FR,2026-01-24,IDA1,34.247638648570515
FR,2026-01-24,IDA2,38.20894018215168
FR,2026-01-24,IDA3,20.10334195418222
FR,2026-01-24,TOTAL,116.15671621399713
FR,2026-01-25,DA,35.26917710841874
FR,2026-01-25,IDA1,26.49045142284674
FR,2026-01-25,IDA2,43.71055136625806
FR,2026-01-25,IDA3,20.458883437339537
FR,2026-01-25,TOTAL,125.92906333486307
FR,2026-01-26,DA,57.06979038712039
FR,2026-01-26,IDA1,47.383334696934796
FR,2026-01-26,IDA2,39.61724587255088
FR,2026-01-26,IDA3,-8.498560558961046
FR,2026-01-26,TOTAL,135.57181039764504
FR,2026-01-27,DA,35.3843895387442
FR,2026-01-27,IDA1,29.799687052353377
FR,2026-01-27,IDA2,56.28326418490812
FR,2026-01-27,IDA3,1.7954851509792036
FR,2026-01-27,TOTAL,123.2628259269849
FR,2026-01-28,DA,59.8566118126825
FR,2026-01-28,IDA1,51.16899367043838
FR,2026-01-28,IDA2,25.719095103230586
FR,2026-01-28,IDA3,-2.2874770958569
FR,2026-01-28,TOTAL,134.45722349049458
FR,2026-01-29,DA,13.854207669240694
FR,2026-01-29,IDA1,-0.45381700611866904
FR,2026-01-29,IDA2,4.550859802202581
FR,2026-01-29,IDA3,-11.84208948948445
FR,2026-01-29,TOTAL,6.109160975840155
FR,2026-01-30,DA,26.11122902724076
FR,2026-01-30,IDA1,18.57626295712471
FR,2026-01-30,IDA2,33.91169257182513
FR,2026-01-30,IDA3,21.89477983894585
FR,2026-01-30,TOTAL,100.49396439513646
FR,2026-01-31,DA,10.880146871015981
FR,2026-01-31,IDA1,10.018640404608348
FR,2026-01-31,IDA2,7.5766732851387815
FR,2026-01-31,IDA3,19.700905310391335
FR,2026-01-31,TOTAL,48.176365871154445
FR,2026-02-01,DA,11.490601435822487
FR,2026-02-01,IDA1,13.388871921911068
FR,2026-02-01,IDA2,7.524702618190744
FR,2026-02-01,IDA3,-7.211355021867888
FR,2026-02-01,TOTAL,25.192820954056415
FR,2026-02-02,DA,-6.525780246533884
FR,2026-02-02,IDA1,0.2590241694386748
FR,2026-02-02,IDA2,-3.0458478994908376
FR,2026-02-02,IDA3,1.36662605644878
FR,2026-02-02,TOTAL,-7.945977920137267
FR,2026-02-03,DA,75.90782584998485
FR,2026-02-03,IDA1,81.23928938543813
FR,2026-02-03,IDA2,95.46129187444544
FR,2026-02-03,IDA3,59.41651031905651
FR,2026-02-03,TOTAL,312.02491742892494
FR,2026-02-04,DA,62.973356613586205
FR,2026-02-04,IDA1,57.189507129438894
FR,2026-02-04,IDA2,70.18233465436313
FR,2026-02-04,IDA3,32.906110502772805
FR,2026-02-04,TOTAL,223.25130890016104
FR,2026-02-05,DA,37.32752288588094
FR,2026-02-05,IDA1,31.476806295653716
FR,2026-02-05,IDA2,35.11127179395579
FR,2026-02-05,IDA3,-11.85342231386679
FR,2026-02-05,TOTAL,92.06217866162365
FR,2026-02-06,DA,124.37762017394971
FR,2026-02-06,IDA1,115.04467183931745
FR,2026-02-06,IDA2,129.7886740140367
FR,2026-02-06,IDA3,61.93628808263038
FR,2026-02-06,TOTAL,431.14725410993424
FR,2026-02-07,DA,106.5465338294821
FR,2026-02-07,IDA1,85.62041998702955
FR,2026-02-07,IDA2,102.21014813121201
FR,2026-02-07,IDA3,99.01163791350513
FR,2026-02-07,TOTAL,393.38873986122877
FR,2026-02-08,DA,53.16279965283199
FR,2026-02-08,IDA1,61.871931626168156
FR,2026-02-08,IDA2,57.2719742965663
FR,2026-02-08,IDA3,51.12475031527592
FR,2026-02-08,TOTAL,223.43145589084236
FR,2026-02-09,DA,82.90722147495529
FR,2026-02-09,IDA1,52.660634745206735
FR,2026-02-09,IDA2,56.4504176257372
FR,2026-02-09,IDA3,45.64082018860754
FR,2026-02-09,TOTAL,237.65909403450675
FR,2026-02-10,DA,48.221723746044844
FR,2026-02-10,IDA1,23.233284839307636
FR,2026-02-10,IDA2,65.08746574361308
FR,2026-02-10,IDA3,21.208624547817884
FR,2026-02-10,TOTAL,157.75109887678346
FR,2026-02-11,DA,51.966116395337366
FR,2026-02-11,IDA1,63.77262976817999
FR,2026-02-11,IDA2,138.68238700815306
FR,2026-02-11,IDA3,44.90965478114906
FR,2026-02-11,TOTAL,299.3307879528195
FR,2026-02-12,DA,68.47819510747573
FR,2026-02-12,IDA1,100.78432351708696
FR,2026-02-12,IDA2,113.40874936225266
FR,2026-02-12,IDA3,63.60247391028418
FR,2026-02-12,TOTAL,346.2737418970995
FR,2026-02-13,DA,64.64919349543938
FR,2026-02-13,IDA1,58.96287013039021
FR,2026-02-13,IDA2,78.10059056820688
FR,2026-02-13,IDA3,-4.223373755990281
FR,2026-02-13,TOTAL,197.4892804380462
FR,2026-02-14,DA,78.4200761906249
FR,2026-02-14,IDA1,60.18493675731532
FR,2026-02-14,IDA2,76.18377446442331
FR,2026-02-14,IDA3,96.94299325472055
FR,2026-02-14,TOTAL,311.7317806670841
FR,2026-02-15,DA,107.27495531505032
FR,2026-02-15,IDA1,99.002768580002
FR,2026-02-15,IDA2,75.16760629323747
FR,2026-02-15,IDA3,35.2093897567421
FR,2026-02-15,TOTAL,316.65471994503184
FR,2026-02-16,DA,42.74432606493906
FR,2026-02-16,IDA1,130.97624412362842
FR,2026-02-16,IDA2,148.24249493467934
FR,2026-02-16,IDA3,73.95811170014595
FR,2026-02-16,TOTAL,395.9211768233927
FR,2026-02-17,DA,184.45160638946084
FR,2026-02-17,IDA1,181.41308788954268
FR,2026-02-17,IDA2,172.86308653096057
FR,2026-02-17,IDA3,86.99519921259103
FR,2026-02-17,TOTAL,625.7229800225551
FR,2026-02-18,DA,42.76151165838861
FR,2026-02-18,IDA1,48.51590678961319
FR,2026-02-18,IDA2,105.75751220785541
FR,2026-02-18,IDA3,59.65055493707161
FR,2026-02-18,TOTAL,256.68548559292884
FR,2026-02-19,DA,46.31330239228994
FR,2026-02-19,IDA1,54.585303657585484
FR,2026-02-19,IDA2,48.43667567987174
FR,2026-02-19,IDA3,59.75613889696531
FR,2026-02-19,TOTAL,209.09142062671248
FR,2026-02-20,DA,107.47262627436652
FR,2026-02-20,IDA1,95.33235749866034
FR,2026-02-20,IDA2,91.6926061492093
FR,2026-02-20,IDA3,47.53526894093335
FR,2026-02-20,TOTAL,342.0328588631695
FR,2026-02-21,DA,44.42383192202055
FR,2026-02-21,IDA1,87.31807204089546
FR,2026-02-21,IDA2,134.8402435872708
FR,2026-02-21,IDA3,153.65897342868635
FR,2026-02-21,TOTAL,420.2411209788732
FR,2026-02-22,DA,32.938710035592514
FR,2026-02-22,IDA1,81.9073878790767
FR,2026-02-22,IDA2,113.15511762615107
FR,2026-02-22,IDA3,71.42964019977308
FR,2026-02-22,TOTAL,299.43085574059336
FR,2026-02-23,DA,83.94887058559596
FR,2026-02-23,IDA1,91.38354304040713
FR,2026-02-23,IDA2,138.7952508921493
FR,2026-02-23,IDA3,113.56049403235762
FR,2026-02-23,TOTAL,427.68815855051
FR,2026-02-24,DA,71.59317771974733
FR,2026-02-24,IDA1,141.81440598555736
FR,2026-02-24,IDA2,107.41006750081227
FR,2026-02-24,IDA3,78.58861522937568
FR,2026-02-24,TOTAL,399.4062664354926
FR,2026-02-25,DA,114.33606727672696
FR,2026-02-25,IDA1,98.00656997464117
FR,2026-02-25,IDA2,114.13238784761181
FR,2026-02-25,IDA3,108.04940722960048
FR,2026-02-25,TOTAL,434.5244323285804
FR,2026-02-26,DA,83.63275392360164
FR,2026-02-26,IDA1,68.51459107412752
FR,2026-02-26,IDA2,106.65221038332116
FR,2026-02-26,IDA3,44.57776568440791
FR,2026-02-26,TOTAL,303.3773210654582
FR,2026-02-27,DA,56.749582451262846
FR,2026-02-27,IDA1,92.85458505080432
FR,2026-02-27,IDA2,102.79859653376668
FR,2026-02-27,IDA3,49.830398094727734
FR,2026-02-27,TOTAL,302.2331621305616
FR,2026-02-28,DA,21.520229209742265
FR,2026-02-28,IDA1,40.43391319417243
FR,2026-02-28,IDA2,41.32110226311983
FR,2026-02-28,IDA3,84.20772578083425
FR,2026-02-28,TOTAL,187.4829704478688
FR,2026-03-01,DA,43.86018603545261
FR,2026-03-01,IDA1,29.093547176987315
FR,2026-03-01,IDA2,55.22835324250842
FR,2026-03-01,IDA3,46.16442962074772
FR,2026-03-01,VWAP,61.71873037669181
FR,2026-03-01,TOTAL,236.06524645238784
FR,2026-03-02,DA,101.76137603510283
FR,2026-03-02,IDA1,114.36037985937061
FR,2026-03-02,IDA2,150.31410653852174
FR,2026-03-02,IDA3,93.18802913832221
FR,2026-03-02,VWAP,143.63764273135203
FR,2026-03-02,TOTAL,603.2615343026694
FR,2026-03-03,DA,192.44181345443485
FR,2026-03-03,IDA1,145.34241325692852
FR,2026-03-03,IDA2,183.43456812223303
FR,2026-03-03,IDA3,155.0137258953465
FR,2026-03-03,VWAP,179.40537992723958
FR,2026-03-03,TOTAL,855.6379006561824
FR,2026-03-04,DA,186.07417034179338
FR,2026-03-04,IDA1,36.262556202367165
FR,2026-03-04,IDA2,76.81426492602084
FR,2026-03-04,IDA3,108.47798897216325
FR,2026-03-04,VWAP,94.72690856383302
FR,2026-03-04,TOTAL,502.3558890061777
FR,2026-03-05,DA,69.92541924690467
FR,2026-03-05,IDA1,81.10082870905458
FR,2026-03-05,IDA2,53.221593257977844
FR,2026-03-05,IDA3,73.28464341471471
FR,2026-03-05,VWAP,100.39287903410239
FR,2026-03-05,TOTAL,377.9253636627542
FR,2026-03-06,DA,84.3938273038292
FR,2026-03-06,IDA1,56.83384426981914
FR,2026-03-06,IDA2,77.39626033929434
FR,2026-03-06,IDA3,37.309436185501355
FR,2026-03-06,VWAP,90.65802615351316
FR,2026-03-06,TOTAL,346.5913942519572
FR,2026-03-07,DA,31.60567372109456
FR,2026-03-07,IDA1,56.94262095059895
FR,2026-03-07,IDA2,71.22661508438637
FR,2026-03-07,IDA3,96.14940983825967
FR,2026-03-07,VWAP,81.5728164251335
FR,2026-03-07,TOTAL,337.49713601947303
FR,2026-03-08,DA,107.92120236163936
FR,2026-03-08,IDA1,88.46889713051755
FR,2026-03-08,IDA2,98.6451109234967
FR,2026-03-08,IDA3,131.5987637458686
FR,2026-03-08,VWAP,80.8924715033364
FR,2026-03-08,TOTAL,507.52644566485867
FR,2026-03-09,DA,175.98285761218472
FR,2026-03-09,IDA1,147.49170062793533
FR,2026-03-09,IDA2,124.98747293694288
FR,2026-03-09,IDA3,120.66220807879101
FR,2026-03-09,VWAP,100.16324815573508
FR,2026-03-09,TOTAL,669.287487411589
FR,2026-03-10,DA,58.982404271156746
FR,2026-03-10,IDA1,29.226557472722178
FR,2026-03-10,IDA2,20.105816706995565
FR,2026-03-10,IDA3,64.80539010142704
FR,2026-03-10,VWAP,39.899917138078735
FR,2026-03-10,TOTAL,213.02008569038026
FR,2026-03-11,DA,140.4743809087241
FR,2026-03-11,IDA1,119.82161960926445
FR,2026-03-11,IDA2,114.7930931261779
FR,2026-03-11,IDA3,125.02537282114903
FR,2026-03-11,VWAP,165.76198602992585
FR,2026-03-11,TOTAL,665.8764524952413
FR,2026-03-12,DA,93.76750893308115
FR,2026-03-12,IDA1,96.99410140231514
FR,2026-03-12,IDA2,99.26786673393494
FR,2026-03-12,IDA3,86.2374063799827
FR,2026-03-12,VWAP,98.26015809542456
FR,2026-03-12,TOTAL,474.5270415447385
FR,2026-03-13,DA,75.22719847753896
FR,2026-03-13,IDA1,53.61855122632824
FR,2026-03-13,IDA2,89.60634873586581
FR,2026-03-13,IDA3,131.07459238705422
FR,2026-03-13,VWAP,70.34648734087685
FR,2026-03-13,TOTAL,419.87317816766404
FR,2026-03-14,DA,118.78299434158623
FR,2026-03-14,IDA1,103.63999274781206
FR,2026-03-14,IDA2,131.93629216643978
FR,2026-03-14,IDA3,98.71306199454318
FR,2026-03-14,VWAP,157.6981521947435
FR,2026-03-14,TOTAL,610.7704934451248
FR,2026-03-15,DA,102.00974851666645
FR,2026-03-15,IDA1,111.24416404172098
FR,2026-03-15,IDA2,116.83137139667362
FR,2026-03-15,IDA3,136.29334609372597
FR,2026-03-15,VWAP,112.58793957480127
FR,2026-03-15,TOTAL,578.9665696235883
FR,2026-03-16,DA,210.32264863705248
FR,2026-03-16,IDA1,208.74318544834
FR,2026-03-16,IDA2,221.2506084800246
FR,2026-03-16,IDA3,160.38585152089902
FR,2026-03-16,VWAP,266.2884998741405
FR,2026-03-16,TOTAL,1066.9907939604564
FR,2026-03-17,DA,135.1074424054899
FR,2026-03-17,IDA1,160.39171387195495
FR,2026-03-17,IDA2,125.48423446959222
FR,2026-03-17,IDA3,105.30945505646982
FR,2026-03-17,VWAP,156.756037770318
FR,2026-03-17,TOTAL,683.0488835738249
FR,2026-03-18,DA,52.95094163500823
FR,2026-03-18,IDA1,73.0129692160806
FR,2026-03-18,IDA2,66.62292019384053
FR,2026-03-18,IDA3,100.84310756862524
FR,2026-03-18,VWAP,90.38741575617499
FR,2026-03-18,TOTAL,383.8173543697295
FR,2026-03-19,DA,65.08592448552893
FR,2026-03-19,IDA1,129.39723838615873
FR,2026-03-19,IDA2,57.23198570045938
FR,2026-03-19,IDA3,58.43143240380524
FR,2026-03-19,VWAP,71.50105806281168
FR,2026-03-19,TOTAL,381.647639038764
FR,2026-03-20,DA,89.98750254169789
FR,2026-03-20,IDA1,98.7297750007542
FR,2026-03-20,IDA2,100.53071680308551
FR,2026-03-20,IDA3,105.4089641558862
FR,2026-03-20,VWAP,150.67353002849586
FR,2026-03-20,TOTAL,545.3304885299196
FR,2026-03-21,DA,71.15660000523299
FR,2026-03-21,IDA1,75.7341490659731
FR,2026-03-21,IDA2,103.57013961981588
FR,2026-03-21,IDA3,126.34497847665254
FR,2026-03-21,VWAP,67.71499359640188
FR,2026-03-21,TOTAL,444.52086076407636
GER,2026-01-01,IDA1,14.832061416681945
GER,2026-01-01,IDA2,15.431982662959761
GER,2026-01-01,IDA3,22.317955227864527
GER,2026-01-01,TOTAL,52.58199930750624
GER,2026-01-02,IDA1,62.424426884333464
GER,2026-01-02,IDA2,43.19772812287657
GER,2026-01-02,IDA3,1.4831699343389673
GER,2026-01-02,TOTAL,107.10532494154901
GER,2026-01-03,IDA1,12.974154452670419
GER,2026-01-03,IDA2,9.741060570107866
GER,2026-01-03,IDA3,-6.0110344591262646
GER,2026-01-03,TOTAL,16.70418056365202
GER,2026-01-04,IDA1,10.240848007955769
GER,2026-01-04,IDA2,14.664566250775259
GER,2026-01-04,IDA3,5.8911493640949
GER,2026-01-04,TOTAL,30.79656362282593
GER,2026-01-05,IDA1,37.95060264737282
GER,2026-01-05,IDA2,38.97696920596165
GER,2026-01-05,IDA3,-47.406050621073746
GER,2026-01-05,TOTAL,29.521521232260724
GER,2026-01-06,IDA1,13.386274633775518
GER,2026-01-06,IDA2,19.251439807029776
GER,2026-01-06,IDA3,-81.94952787203884
GER,2026-01-06,TOTAL,-49.311813431233546
GER,2026-01-07,IDA1,25.958853635892474
GER,2026-01-07,IDA2,19.502753163238893
GER,2026-01-07,IDA3,10.245666284429422
GER,2026-01-07,TOTAL,55.70727308356079
GER,2026-01-08,IDA1,106.04329598363233
GER,2026-01-08,IDA2,181.079976678043
GER,2026-01-08,IDA3,-81.25125493544299
GER,2026-01-08,TOTAL,205.87201772623234
GER,2026-01-09,IDA1,-5.519319363339356
GER,2026-01-09,IDA2,1.178908749418298
GER,2026-01-09,IDA3,-18.099906186374447
GER,2026-01-09,TOTAL,-22.440316800295506
GER,2026-01-10,IDA1,31.461137846623974
GER,2026-01-10,IDA2,26.782647396186654
GER,2026-01-10,IDA3,-12.990577831095838
GER,2026-01-10,TOTAL,45.2532074117148
GER,2026-01-11,IDA1,4.780494030381924
GER,2026-01-11,IDA2,5.616352426371293
GER,2026-01-11,IDA3,-12.228710972409466
GER,2026-01-11,TOTAL,-1.8318645156562496
GER,2026-01-12,IDA1,24.841848706496847
GER,2026-01-12,IDA2,33.82978860681321
GER,2026-01-12,IDA3,-19.749660609849442
GER,2026-01-12,TOTAL,38.921976703460615
GER,2026-01-13,IDA1,5.479184788419204
GER,2026-01-13,IDA2,15.169933265597763
GER,2026-01-13,IDA3,-18.20535968966604
GER,2026-01-13,TOTAL,2.443758364350927
GER,2026-01-14,IDA1,27.698129253128243
GER,2026-01-14,IDA2,32.03547620161159
GER,2026-01-14,IDA3,49.58178215965559
GER,2026-01-14,TOTAL,109.31538761439542
GER,2026-01-15,IDA1,-12.123925458870232
GER,2026-01-15,IDA2,-12.839060596473232
GER,2026-01-15,IDA3,-38.34949909156418
GER,2026-01-15,TOTAL,-63.31248514690764
GER,2026-01-16,IDA2,37.41583667397417
GER,2026-01-16,IDA3,46.78865726509688
GER,2026-01-16,TOTAL,84.20449393907106
GER,2026-01-17,DA,6.559101362827249
GER,2026-01-17,IDA1,1.7450954773646465
GER,2026-01-17,IDA2,-1.7205245111200433
GER,2026-01-17,IDA3,10.458663768028856
GER,2026-01-17,TOTAL,17.04233609710071
GER,2026-01-18,DA,0.8117646056854326
GER,2026-01-18,IDA1,2.0215799003937533
GER,2026-01-18,IDA2,10.894470770366915
GER,2026-01-18,IDA3,8.782456825710327
GER,2026-01-18,TOTAL,22.510272102156428
GER,2026-01-19,DA,58.775020974734886
GER,2026-01-19,IDA1,71.6692704171115
GER,2026-01-19,IDA2,60.61330004518811
GER,2026-01-19,IDA3,27.529518181558448
GER,2026-01-19,TOTAL,218.58710961859293
GER,2026-01-20,DA,164.4528087775056
GER,2026-01-20,IDA1,152.73565674288974
GER,2026-01-20,IDA2,140.68344360489212
GER,2026-01-20,IDA3,54.017380251766824
GER,2026-01-20,TOTAL,511.88928937705424
GER,2026-01-21,DA,62.12902211836277
GER,2026-01-21,IDA1,44.223795289162865
GER,2026-01-21,IDA2,51.42138554209382
GER,2026-01-21,IDA3,23.297842699366587
GER,2026-01-21,TOTAL,181.07204564898603
GER,2026-01-22,DA,41.032124998952014
GER,2026-01-22,IDA1,61.530042145173994
GER,2026-01-22,IDA2,34.572510590772936
GER,2026-01-22,IDA3,5.066972775787349
GER,2026-01-22,TOTAL,142.2016505106863
GER,2026-01-23,DA,31.39406044741226
GER,2026-01-23,IDA1,20.49462044369042
GER,2026-01-23,IDA2,19.586658070127204
GER,2026-01-23,IDA3,-7.565676250697891
GER,2026-01-23,TOTAL,63.90966271053199
GER,2026-01-24,DA,19.484379641452847
GER,2026-01-24,IDA1,8.47140054017553
GER,2026-01-24,IDA2,16.33144865397975
GER,2026-01-24,IDA3,4.131667347973476
GER,2026-01-24,TOTAL,48.4188961835816
GER,2026-01-25,DA,2.889844376308403
GER,2026-01-25,IDA1,0.7253431485250275
GER,2026-01-25,IDA2,3.8907128044594828
GER,2026-01-25,IDA3,0.5362900120385916
GER,2026-01-25,TOTAL,8.042190341331505
GER,2026-01-26,DA,46.607859526414536
GER,2026-01-26,IDA1,41.24827109640256
GER,2026-01-26,IDA2,33.74611442742908
GER,2026-01-26,IDA3,-54.28623416751904
GER,2026-01-26,TOTAL,67.31601088272713
GER,2026-01-27,DA,23.64464257019649
GER,2026-01-27,IDA1,11.940000164239276
GER,2026-01-27,IDA2,2.1265750145977016
GER,2026-01-27,IDA3,-16.750899968361615
GER,2026-01-27,TOTAL,20.96031778067185
GER,2026-01-28,DA,35.83271155434231
GER,2026-01-28,IDA1,32.46044729539764
GER,2026-01-28,IDA2,35.585267933163664
GER,2026-01-28,IDA3,-15.123378456241173
GER,2026-01-28,TOTAL,88.75504832666245
GER,2026-01-29,DA,27.48340272402585
GER,2026-01-29,IDA1,17.48327899135721
GER,2026-01-29,IDA2,20.115289656166674
GER,2026-01-29,IDA3,-43.41587423451767
GER,2026-01-29,TOTAL,21.666097137032068
GER,2026-01-30,DA,-1.813232854592357
GER,2026-01-30,IDA1,3.162546389231281
GER,2026-01-30,IDA2,-6.626436404527226
GER,2026-01-30,IDA3,-28.164576519156967
GER,2026-01-30,TOTAL,-33.44169938904527
GER,2026-01-31,DA,12.418146486762991
GER,2026-01-31,IDA1,7.834391693225541
GER,2026-01-31,IDA2,6.384989597775856
GER,2026-01-31,IDA3,4.5334303791347565
GER,2026-01-31,TOTAL,31.170958156899147
GER,2026-02-01,DA,8.28545852900411
GER,2026-02-01,IDA1,3.557757629298898
GER,2026-02-01,IDA2,1.7785959599636598
GER,2026-02-01,IDA3,-8.036336878809472
GER,2026-02-01,TOTAL,5.585475239457196
GER,2026-02-02,DA,-15.147610490624775
GER,2026-02-02,IDA1,-0.8095719263831995
GER,2026-02-02,IDA2,5.720714514841845
GER,2026-02-02,IDA3,-26.866222855871214
GER,2026-02-02,TOTAL,-37.10269075803734
GER,2026-02-03,DA,22.5089580910059
GER,2026-02-03,IDA1,21.43031348799567
GER,2026-02-03,IDA2,24.480126216616455
GER,2026-02-03,IDA3,13.829180009072317
GER,2026-02-03,TOTAL,82.24857780469034
GER,2026-02-04,DA,1.112067475514932
GER,2026-02-04,IDA1,-4.637835379309678
GER,2026-02-04,IDA2,-5.098331377599891
GER,2026-02-04,IDA3,-25.95989412547067
GER,2026-02-04,TOTAL,-34.583993406865304
GER,2026-02-05,DA,6.7774526273084845
GER,2026-02-05,IDA1,16.170136061217207
GER,2026-02-05,IDA2,15.863736716372294
GER,2026-02-05,IDA3,-28.074083453973074
GER,2026-02-05,TOTAL,10.737241950924911
GER,2026-02-06,DA,15.65744431466024
GER,2026-02-06,IDA1,14.288685866153827
GER,2026-02-06,IDA2,10.799650835213583
GER,2026-02-06,IDA3,-27.262939226084775
GER,2026-02-06,TOTAL,13.482841789942874
GER,2026-02-07,DA,11.853081214348364
GER,2026-02-07,IDA1,-3.465972091436857
GER,2026-02-07,IDA2,6.622040447994323
GER,2026-02-07,IDA3,15.12986596851271
GER,2026-02-07,TOTAL,30.13901553941854
GER,2026-02-08,DA,-0.7535386980840286
GER,2026-02-08,IDA1,3.9166672344223628
GER,2026-02-08,IDA2,-4.787338887273613
GER,2026-02-08,IDA3,15.797803938432992
GER,2026-02-08,TOTAL,14.173593587497713
GER,2026-02-09,DA,39.20446588860234
GER,2026-02-09,IDA1,38.76284592343933
GER,2026-02-09,IDA2,38.069457463417585
GER,2026-02-09,IDA3,-36.35996186764257
GER,2026-02-09,TOTAL,79.67680740781668
GER,2026-02-10,DA,1.1949451298095113
GER,2026-02-10,IDA1,9.366094006245959
GER,2026-02-10,IDA2,3.6542980996136833
GER,2026-02-10,IDA3,-17.51594362117868
GER,2026-02-10,TOTAL,-3.300606385509525
GER,2026-02-11,DA,3.400378947971248
GER,2026-02-11,IDA1,11.743554791094425
GER,2026-02-11,IDA2,11.995577470164424
GER,2026-02-11,IDA3,-17.239662306041282
GER,2026-02-11,TOTAL,9.899848903188815
GER,2026-02-12,DA,4.801165501732896
GER,2026-02-12,IDA1,3.437744082084677
GER,2026-02-12,IDA2,-3.813259029451487
GER,2026-02-12,IDA3,-11.449368306483436
GER,2026-02-12,TOTAL,-7.023717752117349
GER,2026-02-13,DA,35.334664663261975
GER,2026-02-13,IDA1,40.62584163076305
GER,2026-02-13,IDA2,43.652355107011175
GER,2026-02-13,IDA3,18.622064256501673
GER,2026-02-13,TOTAL,138.23492565753787
GER,2026-02-14,DA,21.73468140516661
GER,2026-02-14,IDA1,12.593201885167833
GER,2026-02-14,IDA2,12.146332240380243
GER,2026-02-14,IDA3,-0.7861867887801992
GER,2026-02-14,TOTAL,45.68802874193449
GER,2026-02-15,DA,-13.791138830084194
GER,2026-02-15,IDA1,10.806335979504697
GER,2026-02-15,IDA2,-0.1258649840646795
GER,2026-02-15,IDA3,7.032019577652758
GER,2026-02-15,TOTAL,3.9213517430085814
GER,2026-02-16,DA,27.23939433635325
GER,2026-02-16,IDA1,30.932560864118003
GER,2026-02-16,IDA2,23.33058664966468
GER,2026-02-16,IDA3,13.279270097763956
GER,2026-02-16,TOTAL,94.7818119478999
GER,2026-02-17,DA,32.87150320581054
GER,2026-02-17,IDA1,13.8977177014024
GER,2026-02-17,IDA2,21.499388863524743
GER,2026-02-17,IDA3,2.297659607139199
GER,2026-02-17,TOTAL,70.56626937787688
GER,2026-02-18,DA,20.1362579243236
GER,2026-02-18,IDA1,26.30843021082383
GER,2026-02-18,IDA2,30.050431831991276
GER,2026-02-18,IDA3,-17.91884383287558
GER,2026-02-18,TOTAL,58.576276134263125
GER,2026-02-19,DA,1.5495555078976793
GER,2026-02-19,IDA1,3.3265646498857464
GER,2026-02-19,IDA2,13.477690954729312
GER,2026-02-19,IDA3,-5.199253143988891
GER,2026-02-19,TOTAL,13.154557968523847
GER,2026-02-20,DA,-31.35950833900022
GER,2026-02-20,IDA1,-26.72328762540888
GER,2026-02-20,IDA2,-31.799203803389137
GER,2026-02-20,IDA3,-23.70920400008117
GER,2026-02-20,TOTAL,-113.5912037678794
GER,2026-02-21,DA,33.175181265236795
GER,2026-02-21,IDA1,25.90968043083751
GER,2026-02-21,IDA2,58.46750260660335
GER,2026-02-21,IDA3,41.268037023157945
GER,2026-02-21,TOTAL,158.8204013258356
GER,2026-02-22,DA,25.643729592980684
GER,2026-02-22,IDA1,20.017574710428562
GER,2026-02-22,IDA2,25.054351442911102
GER,2026-02-22,IDA3,26.653527604394014
GER,2026-02-22,TOTAL,97.36918335071437
GER,2026-02-23,DA,135.1707873810055
GER,2026-02-23,IDA1,117.95462133583979
GER,2026-02-23,IDA2,94.96758234983304
GER,2026-02-23,IDA3,67.18284036645537
GER,2026-02-23,TOTAL,415.2758314331337
GER,2026-02-24,DA,52.84099842646363
GER,2026-02-24,IDA1,65.59972623912377
GER,2026-02-24,IDA2,48.05091855342306
GER,2026-02-24,IDA3,33.967753482586424
GER,2026-02-24,TOTAL,200.4593967015969
GER,2026-02-25,DA,18.08234816207613
GER,2026-02-25,IDA1,2.109544646396184
GER,2026-02-25,IDA2,8.396500736053255
GER,2026-02-25,IDA3,37.543479969117165
GER,2026-02-25,TOTAL,66.13187351364273
GER,2026-02-26,DA,65.31640115048953
GER,2026-02-26,IDA1,48.14398057437167
GER,2026-02-26,IDA2,29.697584485064368
GER,2026-02-26,IDA3,85.20558573715724
GER,2026-02-26,TOTAL,228.3635519470828
GER,2026-02-27,DA,91.82667135165899
GER,2026-02-27,IDA1,42.317964406350185
GER,2026-02-27,IDA2,38.45611908713745
GER,2026-02-27,IDA3,118.08195852387786
GER,2026-02-27,TOTAL,290.6827133690245
GER,2026-02-28,DA,52.707541142463796
GER,2026-02-28,IDA1,60.07026640627062
GER,2026-02-28,IDA2,73.07253813433312
GER,2026-02-28,IDA3,63.581603472641035
GER,2026-02-28,TOTAL,249.43194915570857
GER,2026-03-01,DA,68.23563104865394
GER,2026-03-01,IDA1,52.7625553872179
GER,2026-03-01,IDA2,59.983839860534715
GER,2026-03-01,IDA3,99.59318599892825
GER,2026-03-01,VWAP,45.05429540169948
GER,2026-03-01,TOTAL,325.62950769703434
GER,2026-03-02,DA,100.79859600451103
GER,2026-03-02,IDA1,94.03582391144552
GER,2026-03-02,IDA2,95.33516188625177
GER,2026-03-02,IDA3,95.32500043287196
GER,2026-03-02,VWAP,97.1033662513359
GER,2026-03-02,TOTAL,482.59794848641616
GER,2026-03-03,DA,124.72113789721863
GER,2026-03-03,IDA1,80.59059640702618
GER,2026-03-03,IDA2,70.9099820464782
GER,2026-03-03,IDA3,155.63323204438228
GER,2026-03-03,VWAP,125.60426575326471
GER,2026-03-03,TOTAL,557.4592141483699
GER,2026-03-04,DA,148.65850597961673
GER,2026-03-04,IDA1,83.63798378018222
GER,2026-03-04,IDA2,119.49687244096762
GER,2026-03-04,IDA3,195.55236253244928
GER,2026-03-04,VWAP,52.720191246683584
GER,2026-03-04,TOTAL,600.0659159798995
GER,2026-03-05,DA,71.3117246513969
GER,2026-03-05,IDA1,62.39653991468041
GER,2026-03-05,IDA2,47.17942507560505
GER,2026-03-05,IDA3,100.82161015499071
GER,2026-03-05,VWAP,44.183751751926096
GER,2026-03-05,TOTAL,325.89305154859915
GER,2026-03-06,DA,99.08526390912003
GER,2026-03-06,IDA1,94.20465732284691
GER,2026-03-06,IDA2,104.52937125674376
GER,2026-03-06,IDA3,99.11476522611838
GER,2026-03-06,VWAP,87.85064549515954
GER,2026-03-06,TOTAL,484.78470320998866
GER,2026-03-07,DA,61.54858206799767
GER,2026-03-07,IDA1,34.14410445610123
GER,2026-03-07,IDA2,34.43463716733292
GER,2026-03-07,IDA3,141.15133396692886
GER,2026-03-07,VWAP,40.4437175056982
GER,2026-03-07,TOTAL,311.72237516405886
GER,2026-03-08,DA,41.03037067382306
GER,2026-03-08,IDA1,34.042378414657335
GER,2026-03-08,IDA2,38.05375393273273
GER,2026-03-08,IDA3,138.02635297276768
GER,2026-03-08,VWAP,49.7043814978124
GER,2026-03-08,TOTAL,300.8572374917932
GER,2026-03-09,DA,108.27049674137861
GER,2026-03-09,IDA1,102.85802293449991
GER,2026-03-09,IDA2,84.00717793973425
GER,2026-03-09,IDA3,126.44185571831301
GER,2026-03-09,VWAP,101.4322224269506
GER,2026-03-09,TOTAL,523.0097757608764
GER,2026-03-10,DA,7.3506702536864985
GER,2026-03-10,IDA1,0.734886520494566
GER,2026-03-10,IDA2,-9.18073754472433
GER,2026-03-10,IDA3,16.922902986611177
GER,2026-03-10,VWAP,17.752718011618853
GER,2026-03-10,TOTAL,33.580440227686765
GER,2026-03-11,DA,49.87077890720177
GER,2026-03-11,IDA1,50.33984280277209
GER,2026-03-11,IDA2,53.95338676481775
GER,2026-03-11,IDA3,109.27418850113827
GER,2026-03-11,VWAP,58.374877041884645
GER,2026-03-11,TOTAL,321.81307401781453
GER,2026-03-12,DA,96.89506125441832
GER,2026-03-12,IDA1,78.07156002663496
GER,2026-03-12,IDA2,75.66252234343597
GER,2026-03-12,IDA3,99.3209240647516
GER,2026-03-12,VWAP,163.70315481150584
GER,2026-03-12,TOTAL,513.6532225007467
GER,2026-03-13,DA,120.65497852230797
GER,2026-03-13,IDA1,124.04025412128154
GER,2026-03-13,IDA2,120.83377916164386
GER,2026-03-13,IDA3,148.16869571778972
GER,2026-03-13,VWAP,120.6405562499983
GER,2026-03-13,TOTAL,634.3382637730215
GER,2026-03-14,DA,21.585286460475075
GER,2026-03-14,IDA1,19.405961333340787
GER,2026-03-14,IDA2,21.616415975200812
GER,2026-03-14,IDA3,20.482340876447637
GER,2026-03-14,VWAP,103.25900695406605
GER,2026-03-14,TOTAL,186.34901159953034
GER,2026-03-15,DA,20.33140739083617
GER,2026-03-15,IDA1,8.973393952100245
GER,2026-03-15,IDA2,35.17912837208568
GER,2026-03-15,IDA3,71.69267913913652
GER,2026-03-15,VWAP,55.56172905867892
GER,2026-03-15,TOTAL,191.73833791283755
GER,2026-03-16,DA,128.6756566648751
GER,2026-03-16,IDA1,109.64840210046908
GER,2026-03-16,IDA2,160.09334003896458
GER,2026-03-16,IDA3,82.7099575110487
GER,2026-03-16,VWAP,131.994653254256
GER,2026-03-16,TOTAL,613.1220095696135
GER,2026-03-17,DA,50.23897779032629
GER,2026-03-17,IDA1,57.79328431006532
GER,2026-03-17,IDA2,44.91696268377969
GER,2026-03-17,IDA3,28.41035754431573
GER,2026-03-17,VWAP,56.07930570150595
GER,2026-03-17,TOTAL,237.43888802999297
GER,2026-03-18,DA,82.59255940817772
GER,2026-03-18,IDA1,95.92602817312417
GER,2026-03-18,IDA2,86.09037720711184
GER,2026-03-18,IDA3,155.46262867415888
GER,2026-03-18,VWAP,85.85962580595805
GER,2026-03-18,TOTAL,505.9312192685307
GER,2026-03-19,DA,94.5384684100624
GER,2026-03-19,IDA1,105.39656631054108
GER,2026-03-19,IDA2,97.02566878355566
GER,2026-03-19,IDA3,162.91684999301813
GER,2026-03-19,VWAP,111.68578746516097
GER,2026-03-19,TOTAL,571.5633409623382
GER,2026-03-20,DA,81.89875982732639
GER,2026-03-20,IDA1,47.17629133915581
GER,2026-03-20,IDA2,47.53854827397191
GER,2026-03-20,IDA3,106.16600322604842
GER,2026-03-20,VWAP,68.98569652282004
GER,2026-03-20,TOTAL,351.76529918932255
GER,2026-03-21,DA,39.04642844972655
GER,2026-03-21,IDA1,53.84369819976186
GER,2026-03-21,IDA2,63.74868604557153
GER,2026-03-21,IDA3,81.63026249883522
GER,2026-03-21,VWAP,25.492136628959535
GER,2026-03-21,TOTAL,263.7612118228547
NL,2026-01-01,IDA1,49.38520092704503
NL,2026-01-01,IDA2,46.8726659427481
NL,2026-01-01,IDA3,34.62368932443078
NL,2026-01-01,TOTAL,130.88155619422392
NL,2026-01-02,IDA1,69.20023342739412
NL,2026-01-02,IDA2,60.29841761561829
NL,2026-01-02,IDA3,-22.11448708643477
NL,2026-01-02,TOTAL,107.38416395657765
NL,2026-01-03,IDA1,12.974154452670419
NL,2026-01-03,IDA2,10.374862952278864
NL,2026-01-03,IDA3,1.3833199726654755
NL,2026-01-03,TOTAL,24.73233737761476
NL,2026-01-04,IDA1,9.890848007955768
NL,2026-01-04,IDA2,11.101718886614101
NL,2026-01-04,IDA3,1.744149364094909
NL,2026-01-04,TOTAL,22.736716258664778
NL,2026-01-05,IDA1,37.95060264737282
NL,2026-01-05,IDA2,38.97696920596165
NL,2026-01-05,IDA3,-80.55223368997949
NL,2026-01-05,TOTAL,-3.624661836645018
NL,2026-01-06,IDA1,32.28756303377775
NL,2026-01-06,IDA2,20.228939807029775
NL,2026-01-06,IDA3,-81.94952787203884
NL,2026-01-06,TOTAL,-29.433025031231317
NL,2026-01-07,IDA1,8.751987751535225
NL,2026-01-07,IDA2,13.538564790816793
NL,2026-01-07,IDA3,-13.064593890665748
NL,2026-01-07,TOTAL,9.22595865168627
NL,2026-01-08,IDA1,106.04329598363233
NL,2026-01-08,IDA2,185.077476678043
NL,2026-01-08,IDA3,-61.1572995899824
NL,2026-01-08,TOTAL,229.96347307169293
NL,2026-01-09,IDA1,10.646255046991655
NL,2026-01-09,IDA2,10.95678119852917
NL,2026-01-09,IDA3,-14.314056245993498
NL,2026-01-09,TOTAL,7.288979999527328
NL,2026-01-10,IDA1,31.872304163506143
NL,2026-01-10,IDA2,20.18690704409536
NL,2026-01-10,IDA3,11.563353766691236
NL,2026-01-10,TOTAL,63.62256497429274
NL,2026-01-11,IDA1,1.67970213964999
NL,2026-01-11,IDA2,0.8133855451775958
NL,2026-01-11,IDA3,5.233123024996459
NL,2026-01-11,TOTAL,7.726210709824045
NL,2026-01-12,IDA1,9.827017257944231
NL,2026-01-12,IDA2,18.08892618073292
NL,2026-01-12,IDA3,-3.9378705136553833
NL,2026-01-12,TOTAL,23.978072925021767
NL,2026-01-13,IDA1,5.6965980262179485
NL,2026-01-13,IDA2,32.77137061706083
NL,2026-01-13,IDA3,-4.592023091704107
NL,2026-01-13,TOTAL,33.875945551574674
NL,2026-01-14,IDA1,34.990872772530054
NL,2026-01-14,IDA2,30.83772620161158
NL,2026-01-14,IDA3,28.871396814253778
NL,2026-01-14,TOTAL,94.69999578839543
NL,2026-01-15,IDA1,-18.251976430756386
NL,2026-01-15,IDA2,-21.72441124249724
NL,2026-01-15,IDA3,-36.357264165658094
NL,2026-01-15,TOTAL,-76.33365183891172
NL,2026-01-16,IDA2,28.042952112256742
NL,2026-01-16,IDA3,37.722289975514244
NL,2026-01-16,TOTAL,65.76524208777099
NL,2026-01-17,DA,21.364802635625235
NL,2026-01-17,IDA1,1.7450954773646465
NL,2026-01-17,IDA2,6.321402702746713
NL,2026-01-17,IDA3,22.767401140370573
NL,2026-01-17,TOTAL,52.19870195610717
NL,2026-01-18,DA,-0.24139201158529033
NL,2026-01-18,IDA1,10.60983088282601
NL,2026-01-18,IDA2,17.206619412599082
NL,2026-01-18,IDA3,-1.9578967392160678
NL,2026-01-18,TOTAL,25.617161544623734
NL,2026-01-19,DA,61.0557709747349
NL,2026-01-19,IDA1,59.9752704171115
NL,2026-01-19,IDA2,44.96255004518814
NL,2026-01-19,IDA3,27.513821294723257
NL,2026-01-19,TOTAL,193.50741273175777
NL,2026-01-20,DA,163.9219481368321
NL,2026-01-20,IDA1,183.0812799939472
NL,2026-01-20,IDA2,150.29750624935747
NL,2026-01-20,IDA3,32.514568581630634
NL,2026-01-20,TOTAL,529.8153029617674
NL,2026-01-21,DA,38.20167496812793
NL,2026-01-21,IDA1,34.87060762341173
NL,2026-01-21,IDA2,20.754238534231774
NL,2026-01-21,IDA3,11.433524966325784
NL,2026-01-21,TOTAL,105.26004609209721
NL,2026-01-22,DA,49.92465718094141
NL,2026-01-22,IDA1,63.78463516697192
NL,2026-01-22,IDA2,64.37613887771529
NL,2026-01-22,IDA3,19.94392585731374
NL,2026-01-22,TOTAL,198.02935708294234
NL,2026-01-23,DA,21.758111812682507
NL,2026-01-23,IDA1,27.16128063177468
NL,2026-01-23,IDA2,21.28940985553399
NL,2026-01-23,IDA3,4.463453638135221
NL,2026-01-23,TOTAL,74.6722559381264
NL,2026-01-24,DA,16.209968577385496
NL,2026-01-24,IDA1,15.141555770483027
NL,2026-01-24,IDA2,26.515009643837057
NL,2026-01-24,IDA3,7.734167347973475
NL,2026-01-24,TOTAL,65.60070133967906
NL,2026-01-25,DA,4.200178331142666
NL,2026-01-25,IDA1,2.7932079358976516
NL,2026-01-25,IDA2,7.669315019948193
NL,2026-01-25,IDA3,7.095540012038612
NL,2026-01-25,TOTAL,21.758241299027123
NL,2026-01-26,DA,42.035183102346295
NL,2026-01-26,IDA1,40.14352109640256
NL,2026-01-26,IDA2,32.6701144274291
NL,2026-01-26,IDA3,-60.52788061676985
NL,2026-01-26,TOTAL,54.320938009408096
NL,2026-01-27,DA,51.07941301877287
NL,2026-01-27,IDA1,44.34403823169124
NL,2026-01-27,IDA2,9.461545536569833
NL,2026-01-27,IDA3,-5.343505791174863
NL,2026-01-27,TOTAL,99.54149099585908
NL,2026-01-28,DA,30.506302804924026
NL,2026-01-28,IDA1,47.586962664529636
NL,2026-01-28,IDA2,47.24492962987879
NL,2026-01-28,IDA3,-7.550858363536676
NL,2026-01-28,TOTAL,117.78733673579576
NL,2026-01-29,DA,20.66705249976704
NL,2026-01-29,IDA1,27.199292814346116
NL,2026-01-29,IDA2,24.432564120643455
NL,2026-01-29,IDA3,-25.420761550911507
NL,2026-01-29,TOTAL,46.8781478838451
NL,2026-01-30,DA,6.999885044316418
NL,2026-01-30,IDA1,-0.41466786302526515
NL,2026-01-30,IDA2,-3.4246657075560556
NL,2026-01-30,IDA3,-31.769397269459567
NL,2026-01-30,TOTAL,-28.60884579572447
NL,2026-01-31,DA,18.042101250290663
NL,2026-01-31,IDA1,17.79145221467438
NL,2026-01-31,IDA2,20.121671162122354
NL,2026-01-31,IDA3,-14.349387203857297
NL,2026-01-31,TOTAL,41.6058374232301
NL,2026-02-01,DA,21.028987704891968
NL,2026-02-01,IDA1,11.145541745742605
NL,2026-02-01,IDA2,7.996965091728615
NL,2026-02-01,IDA3,-10.951336878809478
NL,2026-02-01,TOTAL,29.220157663553714
NL,2026-02-02,DA,-7.707600987705369
NL,2026-02-02,IDA1,0.7506521471524223
NL,2026-02-02,IDA2,48.276751040222365
NL,2026-02-02,IDA3,7.872982307087863
NL,2026-02-02,TOTAL,49.19278450675728
NL,2026-02-03,DA,27.614943311950015
NL,2026-02-03,IDA1,27.59783917519632
NL,2026-02-03,IDA2,40.10756398680099
NL,2026-02-03,IDA3,22.348007970966876
NL,2026-02-03,TOTAL,117.6683544449142
NL,2026-02-04,DA,6.740394298841061
NL,2026-02-04,IDA1,3.42652598729817
NL,2026-02-04,IDA2,-8.580725104627
NL,2026-02-04,IDA3,-2.6408983188130435
NL,2026-02-04,TOTAL,-1.0547031373008124
NL,2026-02-05,DA,19.08809550574574
NL,2026-02-05,IDA1,18.672493177720458
NL,2026-02-05,IDA2,22.512420543665094
NL,2026-02-05,IDA3,2.441233885683637
NL,2026-02-05,TOTAL,62.71424311281493
NL,2026-02-06,DA,15.434545143185744
NL,2026-02-06,IDA1,22.407053502477268
NL,2026-02-06,IDA2,16.429242160819676
NL,2026-02-06,IDA3,-9.427860467303127
NL,2026-02-06,TOTAL,44.84298033917956
NL,2026-02-07,DA,20.107240605545528
NL,2026-02-07,IDA1,32.912428130378984
NL,2026-02-07,IDA2,30.34969962423727
NL,2026-02-07,IDA3,25.429283513178227
NL,2026-02-07,TOTAL,108.79865187334002
NL,2026-02-08,DA,8.512385686095293
NL,2026-02-08,IDA1,13.620986263182303
NL,2026-02-08,IDA2,-4.787338887273613
NL,2026-02-08,IDA3,18.512638315032433
NL,2026-02-08,TOTAL,35.858671377036416
NL,2026-02-09,DA,29.08784774129883
NL,2026-02-09,IDA1,36.251088740228425
NL,2026-02-09,IDA2,27.401332447191216
NL,2026-02-09,IDA3,-25.857579185606326
NL,2026-02-09,TOTAL,66.88268974311215
NL,2026-02-10,DA,5.749667272949104
NL,2026-02-10,IDA1,11.874702425556979
NL,2026-02-10,IDA2,33.60458575949103
NL,2026-02-10,IDA3,-5.365730024891562
NL,2026-02-10,TOTAL,45.863225433105555
NL,2026-02-11,DA,8.874121961452374
NL,2026-02-11,IDA1,16.829813834736456
NL,2026-02-11,IDA2,31.494507788465377
NL,2026-02-11,IDA3,-1.2216765132831888
NL,2026-02-11,TOTAL,55.976767071371015
NL,2026-02-12,DA,-2.7560049760389447
NL,2026-02-12,IDA1,-8.839076031498514
NL,2026-02-12,IDA2,-3.813259029451487
NL,2026-02-12,IDA3,7.310753134857791
NL,2026-02-12,TOTAL,-8.097586902131155
NL,2026-02-13,DA,13.755824560379786
NL,2026-02-13,IDA1,21.106151594588496
NL,2026-02-13,IDA2,33.96685510701117
NL,2026-02-13,IDA3,16.79204757037138
NL,2026-02-13,TOTAL,85.62087883235083
NL,2026-02-14,DA,17.528878170334167
NL,2026-02-14,IDA1,21.461806515667394
NL,2026-02-14,IDA2,12.146332240380243
NL,2026-02-14,IDA3,32.86736792728986
NL,2026-02-14,TOTAL,84.00438485367167
NL,2026-02-15,DA,5.783660534825039
NL,2026-02-15,IDA1,9.78368120847459
NL,2026-02-15,IDA2,11.670078805424918
NL,2026-02-15,IDA3,66.1533925701965
NL,2026-02-15,TOTAL,93.39081311892105
NL,2026-02-16,DA,32.667929222304124
NL,2026-02-16,IDA1,27.509735863710837
NL,2026-02-16,IDA2,43.78659552906737
NL,2026-02-16,IDA3,5.1062115442233775
NL,2026-02-16,TOTAL,109.07047215930572
NL,2026-02-17,DA,53.91202459219171
NL,2026-02-17,IDA1,56.14632624336892
NL,2026-02-17,IDA2,34.319487883321834
NL,2026-02-17,IDA3,42.731237400722826
NL,2026-02-17,TOTAL,187.10907611960528
NL,2026-02-18,DA,84.90036875664305
NL,2026-02-18,IDA1,53.79139608930727
NL,2026-02-18,IDA2,85.14198382583764
NL,2026-02-18,IDA3,25.5700517079394
NL,2026-02-18,TOTAL,249.4038003797274
NL,2026-02-19,DA,20.38403577612455
NL,2026-02-19,IDA1,6.034848921451054
NL,2026-02-19,IDA2,48.78262668502491
NL,2026-02-19,IDA3,8.40171231272937
NL,2026-02-19,TOTAL,83.60322369532989
NL,2026-02-20,DA,-9.365484309478006
NL,2026-02-20,IDA1,-18.860325926050542
NL,2026-02-20,IDA2,-4.5124201918648765
NL,2026-02-20,IDA3,-20.186864497394033
NL,2026-02-20,TOTAL,-52.92509492478746
NL,2026-02-21,DA,31.46732210987252
NL,2026-02-21,IDA1,36.67730501616761
NL,2026-02-21,IDA2,52.02132106051903
NL,2026-02-21,IDA3,29.400877439340366
NL,2026-02-21,TOTAL,149.56682562589953
NL,2026-02-22,DA,42.27374571641475
NL,2026-02-22,IDA1,42.18428226713269
NL,2026-02-22,IDA2,31.604264067312066
NL,2026-02-22,IDA3,45.35133697814332
NL,2026-02-22,TOTAL,161.41362902900283
NL,2026-02-23,DA,113.19186219385173
NL,2026-02-23,IDA1,107.65776013754288
NL,2026-02-23,IDA2,100.11742045642586
NL,2026-02-23,IDA3,74.66961171026487
NL,2026-02-23,TOTAL,395.6366544980853
NL,2026-02-24,DA,47.740485071883185
NL,2026-02-24,IDA1,82.66618723177106
NL,2026-02-24,IDA2,48.285918553423045
NL,2026-02-24,IDA3,30.926039830524942
NL,2026-02-24,TOTAL,209.61863068760226
NL,2026-02-25,DA,38.081341256629
NL,2026-02-25,IDA1,33.36283930698292
NL,2026-02-25,IDA2,-7.646646519215736
NL,2026-02-25,IDA3,37.485835937920896
NL,2026-02-25,TOTAL,101.28336998231708
NL,2026-02-26,DA,70.37317375959458
NL,2026-02-26,IDA1,64.19818772350118
NL,2026-02-26,IDA2,70.74518369341027
NL,2026-02-26,IDA3,84.72857551743459
NL,2026-02-26,TOTAL,290.0451206939406
NL,2026-02-27,DA,76.47621669054894
NL,2026-02-27,IDA1,86.04108520791493
NL,2026-02-27,IDA2,91.50239131097496
NL,2026-02-27,IDA3,93.91812966169073
NL,2026-02-27,TOTAL,347.9378228711296
NL,2026-02-28,DA,61.97848010596322
NL,2026-02-28,IDA1,69.87321027078458
NL,2026-02-28,IDA2,73.05506862926177
NL,2026-02-28,IDA3,90.89883392842884
NL,2026-02-28,TOTAL,295.80559293443844
NL,2026-03-01,DA,73.74384434990299
NL,2026-03-01,IDA1,73.00000262585337
NL,2026-03-01,IDA2,54.90326605952981
NL,2026-03-01,IDA3,99.59318599892825
NL,2026-03-01,TOTAL,301.24029903421444
NL,2026-03-02,DA,116.5792170291465
NL,2026-03-02,IDA1,94.78399573768053
NL,2026-03-02,IDA2,95.33516188625177
NL,2026-03-02,IDA3,105.06045883310648
NL,2026-03-02,TOTAL,411.75883348618527
NL,2026-03-03,DA,89.80061728341505
NL,2026-03-03,IDA1,92.3488496554084
NL,2026-03-03,IDA2,70.9099820464782
NL,2026-03-03,IDA3,150.59632957381066
NL,2026-03-03,TOTAL,403.6557785591123
NL,2026-03-04,DA,146.29675439188983
NL,2026-03-04,IDA1,74.27306743997842
NL,2026-03-04,IDA2,119.49687244096762
NL,2026-03-04,IDA3,190.3623625324493
NL,2026-03-04,TOTAL,530.4290568052852
NL,2026-03-05,DA,69.40879670450722
NL,2026-03-05,IDA1,59.3515966219804
NL,2026-03-05,IDA2,43.17442507560505
NL,2026-03-05,IDA3,109.53336516447021
NL,2026-03-05,TOTAL,281.46818356656286
NL,2026-03-06,DA,72.6779903490075
NL,2026-03-06,IDA1,76.48006144197926
NL,2026-03-06,IDA2,104.52937125674376
NL,2026-03-06,IDA3,68.44373724253082
NL,2026-03-06,TOTAL,322.13116029026133
NL,2026-03-07,DA,55.33307709500244
NL,2026-03-07,IDA1,41.46540281830025
NL,2026-03-07,IDA2,23.365035270203904
NL,2026-03-07,IDA3,104.29979206607801
NL,2026-03-07,TOTAL,224.4633072495846
NL,2026-03-08,DA,47.115196747893194
NL,2026-03-08,IDA1,32.78664380711095
NL,2026-03-08,IDA2,32.92138658638788
NL,2026-03-08,IDA3,126.53352707712742
NL,2026-03-08,VWAP,28.342119628541173
NL,2026-03-08,TOTAL,267.6988738470606
NL,2026-03-09,DA,133.28528404637188
NL,2026-03-09,IDA1,128.2105100411725
NL,2026-03-09,IDA2,83.26611033342057
NL,2026-03-09,IDA3,126.05671673818006
NL,2026-03-09,VWAP,98.94887177179551
NL,2026-03-09,TOTAL,569.7674929309405
NL,2026-03-10,DA,15.64379747202533
NL,2026-03-10,IDA1,26.865658688584425
NL,2026-03-10,IDA2,-21.47691149496366
NL,2026-03-10,IDA3,0.9136801216088735
NL,2026-03-10,VWAP,12.54873803843006
NL,2026-03-10,TOTAL,34.494962825685036
NL,2026-03-11,DA,47.57733703897715
NL,2026-03-11,IDA1,53.615954877052104
NL,2026-03-11,IDA2,52.42663231802112
NL,2026-03-11,IDA3,89.40097981499679
NL,2026-03-11,VWAP,49.11144663739913
NL,2026-03-11,TOTAL,292.1323506864463
NL,2026-03-12,DA,90.02918773263228
NL,2026-03-12,IDA1,80.3521036885831
NL,2026-03-12,IDA2,84.9321855021387
NL,2026-03-12,IDA3,104.06373264568543
NL,2026-03-12,VWAP,113.94941801504967
NL,2026-03-12,TOTAL,473.3266275840892
NL,2026-03-13,DA,116.09311377244754
NL,2026-03-13,IDA1,118.39335896064793
NL,2026-03-13,IDA2,118.86924886340725
NL,2026-03-13,IDA3,25.020308511956756
NL,2026-03-13,VWAP,136.76613443696598
NL,2026-03-13,TOTAL,515.1421645454254
NL,2026-03-14,DA,53.66908928164548
NL,2026-03-14,IDA1,60.78594652689166
NL,2026-03-14,IDA2,46.43555629565371
NL,2026-03-14,IDA3,20.942582338726247
NL,2026-03-14,VWAP,70.18591187107336
NL,2026-03-14,TOTAL,252.01908631399044
NL,2026-03-15,DA,17.105464539151363
NL,2026-03-15,IDA1,26.047778898070682
NL,2026-03-15,IDA2,26.48466192277609
NL,2026-03-15,IDA3,117.22121305482996
NL,2026-03-15,VWAP,637.9059015783421
NL,2026-03-15,TOTAL,824.7650199931702
NL,2026-03-16,DA,127.07892936422306
NL,2026-03-16,IDA1,170.5011687054876
NL,2026-03-16,IDA2,156.62334003896459
NL,2026-03-16,IDA3,82.7099575110487
NL,2026-03-16,VWAP,199.64231765489257
NL,2026-03-16,TOTAL,736.5557132746164
NL,2026-03-17,DA,58.03576834172611
NL,2026-03-17,IDA1,47.57198661901409
NL,2026-03-17,IDA2,46.04865488554236
NL,2026-03-17,IDA3,25.18045364013762
NL,2026-03-17,VWAP,69.5010309561817
NL,2026-03-17,TOTAL,246.33789444260188
NL,2026-03-18,DA,79.51442738211088
NL,2026-03-18,IDA1,75.6056657379128
NL,2026-03-18,IDA2,86.09037720711184
NL,2026-03-18,IDA3,153.31262867415887
NL,2026-03-18,VWAP,73.87983446371845
NL,2026-03-18,TOTAL,468.40293346501284
NL,2026-03-19,DA,95.18006382252162
NL,2026-03-19,IDA1,93.41882738798466
NL,2026-03-19,IDA2,83.12341878355565
NL,2026-03-19,IDA3,136.3604920836994
NL,2026-03-19,VWAP,90.72354279201232
NL,2026-03-19,TOTAL,498.8063448697736
NL,2026-03-20,DA,64.45956511928205
NL,2026-03-20,IDA1,53.18849269610929
NL,2026-03-20,IDA2,72.01773053685946
NL,2026-03-20,IDA3,93.96813768843197
NL,2026-03-20,VWAP,68.94586199111237
NL,2026-03-20,TOTAL,352.57978803179515
NL,2026-03-21,DA,55.914339406316785
NL,2026-03-21,IDA1,58.56372785214798
NL,2026-03-21,IDA2,63.631686045571534
NL,2026-03-21,IDA3,81.63026249883522
NL,2026-03-21,VWAP,20.41061584277341
NL,2026-03-21,TOTAL,280.1506316456449
